file,raw_tag,catalog_key,status,canonical,jpm_prefix
wiki/exams/2012/jpm-ip-i-locally-borate-rcs.md,APE 068 AA1.08 (4.2/4.2),068 AA1.08,RESOLVED,068 AA1.08 (RO 0 / SRO 0),In-Plant | RO/SRO | 
wiki/exams/2012/jpm-ip-j-start-synchronize-edg.md,064 A2.09 (3.1/3.3),064 A2.09,RESOLVED,064 A2.09 (RO 0 / SRO 0),In-Plant | RO/SRO | 
wiki/exams/2012/jpm-ip-k-loss-of-all-ac-power-sbo-diesel.md,G2.1.23 (4.3/4.4),G2.1.23,RESOLVED,G2.1.23 (RO 4.3 / SRO 4.4),In-Plant | RO/SRO | 
wiki/exams/2012/jpm-ro-a1-1-calculate-shutdown-margin.md,2.1.25 (3.9),G2.1.25,RESOLVED,G2.1.25 (RO 3.9 / SRO 4.2),Admin | RO | 
wiki/exams/2012/jpm-ro-a1-2-manual-afd-calculation.md,2.1.18 (3.6),G2.1.18,RESOLVED,G2.1.18 (RO 3.6 / SRO 3.8),Admin | RO | 
wiki/exams/2012/jpm-ro-a2-rwst-operability.md,2.2.37 (3.6/4.6),G2.2.37,RESOLVED,G2.2.37 (SRO 4.6),Admin | RO | 
wiki/exams/2012/jpm-ro-a3-stay-time-calculation.md,2.3.4 (3.2),G2.3.4,RESOLVED,G2.3.4 (RO 0 / SRO 0),Admin | RO | 
wiki/exams/2012/jpm-sim-a-control-rod-operability-verification.md,001 A4.03 (4.0/3.7),001 A4.03,RESOLVED,001 A4.03 (RO 3.7 / SRO 3.7),Simulator | RO/SRO | 
wiki/exams/2012/jpm-sim-b-forward-flow-ist-eccs-accumulator.md,006 A4.02 (4.0/3.8),006 A4.02,RESOLVED,006 A4.02 (RO 4.2 / SRO 4.2),Simulator | RO/SRO | 
wiki/exams/2012/jpm-sim-c-pzr-pressure-malfunction.md,010 A4.01 (3.7/3.5),010 A4.01,RESOLVED,010 A4.01 (RO 3.8 / SRO 3.8),Simulator | RO/SRO | 
wiki/exams/2012/jpm-sim-d-loss-of-rhr.md,APE 025 AA1.09 (3.2/3.1),025 AA1.09,RESOLVED,025 AA1.09 (RO 0 / SRO 0),Simulator | RO/SRO | 
wiki/exams/2012/jpm-sim-e-main-turbine-trip-below-p9.md,2.4.31 (4.2/4.1),G2.4.31,RESOLVED,G2.4.31 (RO 4.2 / SRO 4.1),Simulator | RO/SRO | 
wiki/exams/2012/jpm-sim-f-adjust-prt-level-pressure.md,007 A4.04 (2.6/2.6),007 A4.04,RESOLVED,007 A4.04 (RO 3.2 / SRO 3.2),Simulator | RO/SRO | 
wiki/exams/2012/jpm-sim-g-loss-of-control-air.md,APE 065 AA2.06 (3.6/4.2),065 AA2.06,RESOLVED,065 AA2.06 (RO 0 / SRO 0),Simulator | RO/SRO | 
wiki/exams/2012/jpm-sim-h-authorized-liquid-release.md,068 A4.03 (3.9/3.8),068 A4.03,RESOLVED,068 A4.03 (RO 3.5 / SRO 3.5),Simulator | RO/SRO | 
wiki/exams/2012/jpm-sro-a1-1-review-surveillance-operability.md,Alternate Path,,UNPARSEABLE,,Admin | SRO | 2.1.25 (4.2) | 
wiki/exams/2012/jpm-sro-a1-2-direct-spent-fuel-movement.md,2.1.42 (3.4),G2.1.42,RESOLVED,G2.1.42 (SRO 3.4),Admin | SRO | 
wiki/exams/2012/jpm-sro-a2-review-otsc.md,Alternate Path,,UNPARSEABLE,,Admin | SRO | 2.2.6 (3.6) | 
wiki/exams/2012/jpm-sro-a3-radioactive-release-actions.md,2.3.11 (4.3),G2.3.11,RESOLVED,G2.3.11 (RO 3.8 / SRO 4.3),Admin | SRO | 
wiki/exams/2012/jpm-sro-a4-1-esg1-emergency-classification-icmf.md,2.4.41 (4.6),G2.4.41,RESOLVED,G2.4.41 (SRO 4.6),Admin | SRO | 
wiki/exams/2012/jpm-sro-a4-2-esg2-emergency-classification-icmf.md,2.4.41 (4.6),G2.4.41,RESOLVED,G2.4.41 (SRO 4.6),Admin | SRO | 
wiki/exams/2012/jpm-sro-a4-3-esg3-emergency-classification-icmf.md,2.4.41 (4.6),G2.4.41,RESOLVED,G2.4.41 (SRO 4.6),Admin | SRO | 
wiki/exams/2012/q1-dropped-rod-recovery-expected-alarms.md,000003K206 / AK2.05 (RO 2.5 / SRO 2.8),003 AK2.05,RESOLVED,003 AK2.05 (RO 0 / SRO 0),
wiki/exams/2012/q10-sgfp-trip-unexpected-alarm.md,000054G446 / 2.4.46 (RO 4.2 / SRO 4.2),G2.4.46,RESOLVED,G2.4.46 (RO 4.2 / SRO 4.2),
wiki/exams/2012/q100-after-the-fact-radiological-release-emergency-classification.md,194001G429 / 2.4.29 (RO 3.1 / SRO 4.4),G2.4.29,RESOLVED,G2.4.29 (RO 3.1 / SRO 4.4),
wiki/exams/2012/q11-sbo-action-before-energizing-2b-vital-bus.md,000055A203 / EA2.03 (RO 3.9 / SRO 4.7),055 EA2.03,RESOLVED,055 EA2.03 (RO 0 / SRO 0),
wiki/exams/2012/q12-loop-directs-loss-of-rhr-initiation.md,000056K302 / AK3.02 (RO 4.4 / SRO 4.7),056 AK3.02,RESOLVED,056 AK3.02 (RO 4.1 / SRO 4.1),
wiki/exams/2012/q13-loss-of-1d-vital-instrument-bus-indications.md,000057A203 / AA2.03 (RO 3.7 / SRO 3.9),057 AA2.03,RESOLVED,057 AA2.03 (RO 3.4 / SRO 3.8),
wiki/exams/2012/q14-loss-of-control-air-action.md,000065G314 / 2.3.14 (RO 3.4 / SRO 3.8),G2.3.14,RESOLVED,G2.3.14 (SRO 3.8),
wiki/exams/2012/q15-frcc-1-rcp-stop-criterion.md,000074K304 / EK3.04 (RO 3.9 / SRO 4.2),074 EK3.04,RESOLVED,074 EK3.04 (RO 0 / SRO 0),
wiki/exams/2012/q16-failed-fuel-first-rad-monitor.md,000076A104 / AA1.04 (RO 3.2 / SRO 3.4),076 AA1.04,RESOLVED,076 AA1.04 (RO 3.2 / SRO 3.2),
wiki/exams/2012/q17-abnormal-grid-rapid-load-reduction.md,000077A102 / AA1.02 (RO 3.8 / SRO 3.7),077 AA1.02,RESOLVED,077 AA1.02 (RO 3.6 / SRO 3.6),
wiki/exams/2012/q18-trip-3-si-termination-charging-restoration.md,00WE02K201 / EK2.1 (RO 3.4 / SRO 3.9),000 EK2.01,NUMBER_NOT_IN_CATALOG,,
wiki/exams/2012/q19-loca-2-alarm-required-response.md,00WE03K103 / EK1.3 (RO 3.5 / SRO 3.8),000 EK1.03,NUMBER_NOT_IN_CATALOG,,
wiki/exams/2012/q2-afw-flow-required-for-decay-heat-removal.md,000007K106 / EK1.06 (RO 3.7 / SRO 4.1),007 EK1.06,RESOLVED,007 EK1.06 (RO 3.9 / SRO 3.9),
wiki/exams/2012/q20-loca-6-leak-isolation-component.md,00WE04A101 / EA1.1 (RO 4.0 / SRO 4.0),000 EA1.01,NUMBER_NOT_IN_CATALOG,,
wiki/exams/2012/q21-frhs-1-rcs-pressure-below-sg.md,00WE05K302 / EK3.2 (RO 3.7 / SRO 4.1),000 EK3.02,NUMBER_NOT_IN_CATALOG,,
wiki/exams/2012/q22-frts-1-terminate-si-start-rcp.md,00WE08K102 / EK1.2 (RO 3.4 / SRO 4.0),000 EK1.02,NUMBER_NOT_IN_CATALOG,,
wiki/exams/2012/q23-trip-5-natural-circ-cooldown-time.md,00WE10A102 / EA1.2 (RO 3.6 / SRO 3.8),000 EA1.02,NUMBER_NOT_IN_CATALOG,,
wiki/exams/2012/q24-loca-5-minimum-si-flow-pumps.md,00WE11A202 / EA2.2 (RO 3.4 / SRO 4.2),000 EA2.02,NUMBER_NOT_IN_CATALOG,,
wiki/exams/2012/q25-losc-2-required-action.md,00WE12K101 / EK1.1 (RO 3.4 / SRO 3.8),000 EK1.01,NUMBER_NOT_IN_CATALOG,,
wiki/exams/2012/q26-frce-2-validate-containment-sump-level.md,00WE15G145 / 2.1.45 (RO 4.3 / SRO 4.3),G2.1.45,RESOLVED,G2.1.45 (RO 4.3 / SRO 4.3),
wiki/exams/2012/q27-smm-adverse-mode-radiation-monitors.md,00WE16A202 / EA2.2 (RO 3.0 / SRO 3.3),000 EA2.02,NUMBER_NOT_IN_CATALOG,,
wiki/exams/2012/q28-rod-control-auto-rod-speed.md,001000A101 / A1.01 (RO 3.8 / SRO 4.2),001 A1.01,RESOLVED,001 A1.01 (RO 3.7 / SRO 3.7),
wiki/exams/2012/q29-rcp-trip-idle-loop-tavg-effect.md,003000K503 / K5.03 (RO 3.1 / SRO 3.5),003 K5.03,RESOLVED,003 K5.03 (RO 3.5 / SRO 3.5),
wiki/exams/2012/q3-lbloca-time-to-cold-leg-recirc-swap.md,000011K202 / EK2.02 (RO 2.6 / SRO 2.7),011 EK2.02,RESOLVED,011 EK2.02 (RO 0 / SRO 0),
wiki/exams/2012/q30-loss-of-seal-injection-flow-impact.md,003000K602 / K6.02 (RO 2.7 / SRO 3.1),003 K6.02,RESOLVED,003 K6.02 (RO 4.1 / SRO 4.1),
wiki/exams/2012/q31-vct-level-pressure-rise-response.md,004000A218 / A2.18 (RO 3.1 / SRO 3.1),004 A2.18,RESOLVED,004 A2.18 (RO 3.5 / SRO 3.4),
wiki/exams/2012/q32-letdown-demin-bypass-divert-temperature.md,004000K416 / K4.16 (RO 2.6 / SRO 3.0),004 K4.16,RESOLVED,004 K4.16 (RO 0 / SRO 0),
wiki/exams/2012/q33-rhr-flow-adjustment-lower-cooldown-rate.md,005000A402 / A4.02 (RO 3.4 / SRO 3.1),005 A4.02,RESOLVED,005 A4.02 (RO 3.9 / SRO 3.9),
wiki/exams/2012/q34-rhr-hx-fcv-air-line-failure-effect.md,005000K410 / K4.10 (RO 3.1 / SRO 3.1),005 K4.10,RESOLVED,005 K4.10 (RO 3.9 / SRO 3.9),
wiki/exams/2012/q35-loss-of-all-ac-power-one-day-consequence.md,006000K301 / K3.01 (RO 4.1 / SRO 4.2),006 K3.01,RESOLVED,006 K3.01 (RO 4.1 / SRO 4.1),
wiki/exams/2012/q36-eccs-valves-failing-to-reposition-on-si.md,006000K610 / K6.10 (RO 2.6 / SRO 2.8),006 K6.10,RESOLVED,006 K6.10 (RO 3.3 / SRO 3.3),
wiki/exams/2012/q37-prt-response-during-vacuum-refill-bubble.md,007000K502 / K5.02 (RO 3.1 / SRO 3.4),007 K5.02,RESOLVED,007 K5.02 (RO 3.4 / SRO 3.4),
wiki/exams/2012/q38-ccw-surge-tank-vent-valve-positions.md,008000K408 / K4.02 (RO 2.9 / SRO 2.7),008 K4.02,RESOLVED,008 K4.02 (RO 3.2 / SRO 3.2),
wiki/exams/2012/q39-pzr-heater-groups-available-on-2a-bus-loss.md,010000K201 / K2.01 (RO 3.0 / SRO 3.4),010 K2.01,RESOLVED,010 K2.01 (RO 3.4 / SRO 3.4),
wiki/exams/2012/q4-22-rcp-breaker-open-flow-low-diagnosis.md,000015K210 / AK2.10 (RO 2.8 / SRO 2.8),015 AK2.10,RESOLVED,015 AK2.10 (RO 0 / SRO 0),
wiki/exams/2012/q40-pzr-level-after-downpower-charging-fails-as-is.md,011000K604 / K6.04 (RO 3.1 / SRO 3.1),011 K6.04,RESOLVED,011 K6.04 (RO 0 / SRO 0),
wiki/exams/2012/q41-containment-pressure-channel-iv-fails-high.md,012000A301 / A3.01 (RO 3.8 / SRO 3.9),012 A3.01,RESOLVED,012 A3.01 (RO 0 / SRO 0),
wiki/exams/2012/q42-valve-failed-to-reposition-on-loca.md,013000A403 / A4.03 (RO 4.5 / SRO 4.7),013 A4.03,RESOLVED,013 A4.03 (RO 4.4 / SRO 4.4),
wiki/exams/2012/q43-intermediate-range-ni-compensation-condition.md,015000A202 / A2.02 (RO 3.1 / SRO 3.5),015 A2.02,RESOLVED,015 A2.02 (RO 3.5 / SRO 3.6),
wiki/exams/2012/q44-superheat-condition-and-applicable-cfst.md,017000K503 / K5.03 (RO 3.7 / SRO 4.1),017 K5.03,RESOLVED,017 K5.03 (RO 0 / SRO 0),
wiki/exams/2012/q45-first-action-restore-min-complement-containment-integrity.md,022000A102 / A1.02 (RO 3.6 / SRO 3.8),022 A1.02,RESOLVED,022 A1.02 (RO 3.9 / SRO 3.9),
wiki/exams/2012/q46-expected-locked-in-overhead-alarms-after-loca.md,026000G431 / 2.4.31 (RO 4.2 / SRO 4.1),G2.4.31,RESOLVED,G2.4.31 (RO 4.2 / SRO 4.1),
wiki/exams/2012/q47-iru-availability-after-loca-loop.md,027000K201 / K2.01 (RO 3.1 / SRO 3.4),027 K2.01,RESOLVED,027 K2.01 (RO 0 / SRO 0),
wiki/exams/2012/q48-sfp-anti-siphon-prevents-fuel-uncovery.md,033000K403 / K4.03 (RO 2.6 / SRO 2.9),033 K4.03,RESOLVED,033 K4.03 (RO 0 / SRO 0),
wiki/exams/2012/q49-msiv-fast-close-after-normal-close-pb.md,039000G128 / 2.1.28 (RO 4.1 / SRO 4.1),G2.1.28,RESOLVED,G2.1.28 (RO 4.1 / SRO 4.1),
wiki/exams/2012/q5-1a-460v-bus-loss-consequence.md,000022K103 / AK1.03 (RO 3.0 / SRO 3.4),022 AK1.03,RESOLVED,022 AK1.03 (RO 3.6 / SRO 3.6),
wiki/exams/2012/q50-ms-dump-setpoint-lowered-during-startup-effect.md,039000K508 / K5.08 (RO 3.6 / SRO 3.6),039 K5.08,RESOLVED,039 K5.08 (RO 4 / SRO 4),
wiki/exams/2012/q51-steam-dumps-fail-to-arm-on-trip-rcs-effect.md,041000K302 / K3.02 (RO 3.8 / SRO 3.9),041 K3.02,RESOLVED,041 K3.02 (RO 4 / SRO 4),
wiki/exams/2012/q52-automatic-actions-on-main-turbine-trip.md,045000A311 / A3.11 (RO 2.6 / SRO 2.9),045 A3.11,RESOLVED,045 A3.11 (RO 3.7 / SRO 3.7),
wiki/exams/2012/q53-sg-feed-delta-p-programmed-value.md,059000A107 / A1.07 (RO 2.5 / SRO 2.6),059 A1.07,RESOLVED,059 A1.07 (RO 3.4 / SRO 3.4),
wiki/exams/2012/q54-overcooling-prevention-on-manual-rx-trip.md,059000K105 / K1.05 (RO 3.1 / SRO 3.2),059 K1.05,RESOLVED,059 K1.05 (RO 3.6 / SRO 3.6),
wiki/exams/2012/q55-23-afw-pump-utilization-during-sgtr.md,061000K103 / K1.03 (RO 3.5 / SRO 3.9),061 K1.03,RESOLVED,061 K1.03 (RO 3.1 / SRO 3.1),
wiki/exams/2012/q56-effect-of-21-afw-pump-failure-to-start.md,061000K302 / K3.02 (RO 4.2 / SRO 4.4),061 K3.02,RESOLVED,061 K3.02 (RO 4.3 / SRO 4.3),
wiki/exams/2012/q57-1c-vib-inverter-latched-transfer-effect.md,062000A103 / A1.03 (RO 2.5 / SRO 2.8),062 A1.03,RESOLVED,062 A1.03 (RO 3.5 / SRO 3.5),
wiki/exams/2012/q58-unit-1-vital-125vdc-loads.md,063000K201 / K2.01 (RO 2.9 / SRO 3.1),063 K2.01,RESOLVED,063 K2.01 (RO 3.5 / SRO 3.5),
wiki/exams/2012/q59-dfost-capacity-design-basis.md,064000K103 / K1.03 (RO 3.6 / SRO 4.0),064 K1.03,RESOLVED,064 K1.03 (RO 0 / SRO 0),
wiki/exams/2012/q6-ccw-automatic-response-on-si.md,000026K302 / AK3.02 (RO 3.6 / SRO 3.9),026 AK3.02,RESOLVED,026 AK3.02 (RO 3.9 / SRO 3.9),
wiki/exams/2012/q60-rhr-pump-room-cooler-leak-tank-level.md,068000K107 / K1.07 (RO 2.7 / SRO 2.9),068 K1.07,RESOLVED,068 K1.07 (RO 2.8 / SRO 2.8),
wiki/exams/2012/q61-2r18-high-rad-during-liquid-release.md,073000K301 / K3.01 (RO 3.6 / SRO 4.2),073 K3.01,RESOLVED,073 K3.01 (RO 0 / SRO 0),
wiki/exams/2012/q62-sw-leak-response-standby-pump-start-isolation.md,076000A202 / A2.02 (RO 2.7 / SRO 3.1),076 A2.02,RESOLVED,076 A2.02 (RO 0 / SRO 0),
wiki/exams/2012/q63-control-air-normal-pressure-ecac-auto-start.md,078000A301 / A3.01 (RO 3.1 / SRO 3.2),078 A3.01,RESOLVED,078 A3.01 (RO 0 / SRO 0),
wiki/exams/2012/q64-fire-protection-panel-indication-and-reset.md,086000A402 / A4.02 (RO 3.5 / SRO 3.5),086 A4.02,RESOLVED,086 A4.02 (RO 3.2 / SRO 3.2),
wiki/exams/2012/q65-cvi-during-containment-vacuum-relief.md,103000A409 / A4.09 (RO 3.1 / SRO 3.7),103 A4.09,RESOLVED,103 A4.09 (RO 3 / SRO 3),
wiki/exams/2012/q66-rcp-thermal-barrier-purpose.md,194001G128 / 2.1.28 (RO 4.1 / SRO 4.1),G2.1.28,RESOLVED,G2.1.28 (RO 4.1 / SRO 4.1),
wiki/exams/2012/q67-suspend-fuel-movement-conditions.md,194001G140 / 2.1.40 (RO 2.8 / SRO 3.9),G2.1.40,RESOLVED,G2.1.40 (RO 2.8 / SRO 3.9),
wiki/exams/2012/q68-dollar-sign-significance-surveillance-procedure.md,194001G212 / 2.2.12 (RO 3.7 / SRO 4.1),G2.2.12,RESOLVED,G2.2.12 (RO 3.7 / SRO 4.1),
wiki/exams/2012/q69-2cv35-troubleshooting-first-action.md,194001G220 / 2.2.20 (RO 2.6 / SRO 3.8),G2.2.20,RESOLVED,G2.2.20 (RO 2.6 / SRO 3.8),
wiki/exams/2012/q7-pzr-master-pressure-controller-fails-high.md,000027A101 / AA1.01 (RO 4.0 / SRO 3.9),027 AA1.01,RESOLVED,027 AA1.01 (RO 3.8 / SRO 3.8),
wiki/exams/2012/q70-gdt-pressure-lowering-confirmation.md,194001G244 / 2.2.44 (RO 4.2 / SRO 4.4),G2.2.44,RESOLVED,G2.2.44 (RO 4.2 / SRO 4.4),
wiki/exams/2012/q71-2r19a-sg-blowdown-isol-valve-response.md,194001G314 / 2.3.14 (RO 3.4 / SRO 3.8),G2.3.14,RESOLVED,G2.3.14 (SRO 3.8),
wiki/exams/2012/q72-loca-1-area-rad-monitor-outside-containment.md,194001G315 / 2.3.15 (RO 2.9 / SRO 3.1),G2.3.15,RESOLVED,G2.3.15 (RO 0 / SRO 0),
wiki/exams/2012/q73-cfst-1-rcs-saturation-temp-determination.md,194001G403 / 2.4.3 (RO 3.7 / SRO 3.9),G2.4.3,RESOLVED,G2.4.3 (RO 3.7 / SRO 3.9),
wiki/exams/2012/q74-eop-conditional-actions-applicable-all-times.md,194001G419 / 2.4.19 (RO 3.4 / SRO 4.1),G2.4.19,RESOLVED,G2.4.19 (RO 3.4 / SRO 4.1),
wiki/exams/2012/q75-edg-fire-emergency-bypass-keylock-procedure.md,194001G427 / 2.4.27 (RO 3.4 / SRO 3.9),G2.4.27,RESOLVED,G2.4.27 (RO 0 / SRO 0),
wiki/exams/2012/q76-continuous-rod-withdrawal-p2-block-crs-response.md,000001A203 / AA2.03 (RO 4.5 / SRO 4.8),001 AA2.03,RESOLVED,001 AA2.03 (RO 0 / SRO 0),
wiki/exams/2012/q77-trip-1-porv-block-valve-fail-shut-transition.md,000007G120 / 2.1.20 (RO 4.8 / SRO 4.6),G2.1.20,RESOLVED,G2.1.20 (RO 4.6 / SRO 4.6),
wiki/exams/2012/q78-sbloca-faulted-sg-eval-procedure-transition.md,000009G244 / 2.2.44 (RO 4.2 / SRO 4.4),G2.2.44,RESOLVED,G2.2.44 (RO 4.2 / SRO 4.4),
wiki/exams/2012/q79-loss-of-rhr-mode-5-decay-heat-removal-method.md,000025A205 / AA2.05 (RO 3.1 / SRO 3.5),025 AA2.05,RESOLVED,025 AA2.05 (RO 3.4 / SRO 3.5),
wiki/exams/2012/q8-atwt-safeguards-reset-si-pushbutton-impact.md,000029K206 / AK2.06 (RO 2.9 / SRO 3.1),029 AK2.06,NUMBER_NOT_IN_CATALOG,,
wiki/exams/2012/q80-pzr-cold-cal-level-channel-failure-ts-applicability.md,000028G243 / 2.2.43 (RO 3.0 / SRO 3.3),G2.2.43,RESOLVED,G2.2.43 (RO 3 / SRO 3.3),
wiki/exams/2012/q81-12-sg-nr-channel-iv-fails-high-crs-response.md,000054A205 / AA2.05 (RO 3.5 / SRO 3.7),054 AA2.05,RESOLVED,054 AA2.05 (RO 3 / SRO 3.5),
wiki/exams/2012/q82-loss-of-2a-edg-and-23-sw-pump-crs-response.md,000062G406 / 2.4.6 (RO 3.7 / SRO 4.7),G2.4.6,RESOLVED,G2.4.6 (RO 3.7 / SRO 4.7),
wiki/exams/2012/q83-loca-highest-ecg-classification.md,000069A201 / AA2.01 (RO 3.7 / SRO 4.3),069 AA2.01,RESOLVED,069 AA2.01 (RO 4.3 / SRO 4.1),
wiki/exams/2012/q84-mslb-losc-2-sg-pressure-rise-transition.md,00WE12A201 / EA2.1 (RO 3.2 / SRO 4.0),000 EA2.01,NUMBER_NOT_IN_CATALOG,,
wiki/exams/2012/q85-sae-subsequent-nrc-notification-condition-and-time.md,00WE16G430 / 2.4.30 (RO 2.7 / SRO 4.1),G2.4.30,RESOLVED,G2.4.30 (RO 2.7 / SRO 4.1),
wiki/exams/2012/q86-second-rcp-start-rhr-pressure-transient-response.md,005000A202 / A2.02 (RO 3.5 / SRO 3.7),005 A2.02,RESOLVED,005 A2.02 (RO 4 / SRO 3.9),
wiki/exams/2012/q87-ir-channel-i-bistable-illumination-power-ascension.md,012000A201 / A2.01 (RO 3.1 / SRO 3.6),012 A2.01,RESOLVED,012 A2.01 (RO 3.8 / SRO 3.6),
wiki/exams/2012/q88-rod-bottom-e-48-alarm-during-startup-crs-response.md,016000G237 / 2.2.37 (RO 3.6 / SRO 4.6),G2.2.37,RESOLVED,G2.2.37 (SRO 4.6),
wiki/exams/2012/q89-cntmt-press-channel-iv-calibration-phase-b-isolation.md,026000G450 / 2.4.50 (RO 4.2 / SRO 4.0),G2.4.50,RESOLVED,G2.4.50 (RO 4.2 / SRO 4),
wiki/exams/2012/q9-sg-tube-leak-shutdown-stuck-rod-action.md,000038G408 / 2.4.8 (RO 3.8 / SRO 4.5),G2.4.8,RESOLVED,G2.4.8 (RO 0 / SRO 0),
wiki/exams/2012/q90-dropped-fuel-assembly-fhb-ventilation-response.md,034000A201 / A2.01 (RO 3.6 / SRO 4.4),034 A2.01,RESOLVED,034 A2.01 (RO 4 / SRO 3.6),
wiki/exams/2012/q91-23tb40-steam-dump-fails-open-mode-3.md,039000A204 / A2.04 (RO 3.4 / SRO 3.7),039 A2.04,RESOLVED,039 A2.04 (RO 4 / SRO 3.7),
wiki/exams/2012/q92-inadvertent-deluge-turbine-building-fire-protection-response.md,086000A203 / A2.03 (RO 2.7 / SRO 2.9),086 A2.03,RESOLVED,086 A2.03 (RO 3.1 / SRO 2.9),
wiki/exams/2012/q93-loca-purple-containment-path-cs-pump-procedure.md,103000G422 / 2.4.22 (RO 3.6 / SRO 4.4),G2.4.22,RESOLVED,G2.4.22 (RO 3.6 / SRO 4.4),
wiki/exams/2012/q94-rcs-loops-required-hot-standby-bases.md,194001G132 / 2.1.32 (RO 3.8 / SRO 4.0),G2.1.32,RESOLVED,G2.1.32 (RO 3.8 / SRO 4),
wiki/exams/2012/q95-sfp-manipulation-sro-supervision-requirement.md,194001G135 / 2.1.35 (RO 2.2 / SRO 3.9),G2.1.35,RESOLVED,G2.1.35 (SRO 3.9),
wiki/exams/2012/q96-temporary-configuration-change-approval-authority.md,194001G211 / 2.2.11 (RO 2.3 / SRO 3.3),G2.2.11,RESOLVED,G2.2.11 (RO 0 / SRO 0),
wiki/exams/2012/q97-2a-edg-missed-surveillance-operability.md,194001G237 / 2.2.37 (RO 3.6 / SRO 4.6),G2.2.37,RESOLVED,G2.2.37 (SRO 4.6),
wiki/exams/2012/q98-refueling-decay-time-earliest-fuel-movement.md,194001G313 / 2.3.13 (RO 3.4 / SRO 3.8),G2.3.13,RESOLVED,G2.3.13 (RO 0 / SRO 0),
wiki/exams/2012/q99-offsite-fire-assistance-authorization-radiological-emergency.md,194001G426 / 2.4.26 (RO 3.1 / SRO 3.6),G2.4.26,RESOLVED,G2.4.26 (RO 3.1 / SRO 3.6),
wiki/exams/2014/jpm-ip-i-unload-and-stop-edg.md,064 A2.03 (3.1/3.1),064 A2.03,RESOLVED,064 A2.03 (RO 0 / SRO 0),In-Plant | RO/SRO | 
wiki/exams/2014/jpm-ip-j-transfer-pzr-backup-heaters-emergency-power.md,010 A4.02 (3.6/3.4),010 A4.02,RESOLVED,010 A4.02 (RO 3.6 / SRO 3.6),In-Plant | RO/SRO | 
wiki/exams/2014/jpm-ip-k-high-radiation-alarm-during-gas-release.md,2.3.11 (3.8/4.3),G2.3.11,RESOLVED,G2.3.11 (RO 3.8 / SRO 4.3),In-Plant | RO/SRO | 
wiki/exams/2014/jpm-ro-a1-1-measure-leakage-to-containment-sump.md,2.1.25 (3.9/4.2),G2.1.25,RESOLVED,G2.1.25 (RO 3.9 / SRO 4.2),Admin | RO/SRO | 
wiki/exams/2014/jpm-ro-a1-2-perform-qptr.md,2.1.43 (4.1),G2.1.43,RESOLVED,G2.1.43 (RO 4.1 / SRO 4.3),Admin | RO/SRO | 
wiki/exams/2014/jpm-ro-a2-prepare-manual-tagout.md,2.2.13 (4.1),G2.2.13,RESOLVED,G2.2.13 (RO 4.1 / SRO 4.3),Admin | RO | 
wiki/exams/2014/jpm-ro-a4-secondary-communicator-alert.md,2.4.39 (3.9),G2.4.39,RESOLVED,G2.4.39 (RO 3.9),Admin | RO | 
wiki/exams/2014/jpm-sim-a-boration-flow-capability-surveillance.md,004 A4.18 (4.3/4.4),004 A4.18,RESOLVED,004 A4.18 (RO 4.2 / SRO 4.2),Simulator | RO/SRO | 
wiki/exams/2014/jpm-sim-b-transfer-to-cold-leg-recirc.md,E011 EA1.11 (4.2/4.2),,UNPARSEABLE,,Simulator | RO/SRO | 
wiki/exams/2014/jpm-sim-c-pzr-pressure-malfunction-isolate-porv.md,APE 027 AA1.01 (4.0/3.9),027 AA1.01,RESOLVED,027 AA1.01 (RO 3.8 / SRO 3.8),Simulator | RO/SRO | 
wiki/exams/2014/jpm-sim-d-loss-of-heat-sink-bleed-and-feed.md,EPE E05 EA1.1 (4.1/4.0),,UNPARSEABLE,,Simulator | RO/SRO | 
wiki/exams/2014/jpm-sim-e-natural-circulation-cooldown.md,EPE E09 EA1.1 (3.5/3.5),,UNPARSEABLE,,Simulator | RO/SRO | 
wiki/exams/2014/jpm-sim-f-cfcu-operability-sw-flow-verification.md,022 A4.01 (3.6/3.6),022 A4.01,RESOLVED,022 A4.01 (RO 3.7 / SRO 3.7),Simulator | RO/SRO | 
wiki/exams/2014/jpm-sim-g-rods-to-criticality-source-range-failure.md,012 A4.03 (3.6/3.6),012 A4.03,RESOLVED,012 A4.03 (RO 3.8 / SRO 3.8),Simulator | RO/SRO | 
wiki/exams/2014/jpm-sim-h-ccw-restoration-23-pump.md,008 A4.01 (3.3/3.1),008 A4.01,RESOLVED,008 A4.01 (RO 3.7 / SRO 3.7),Simulator | RO/SRO | 
wiki/exams/2014/jpm-sro-a1-1-isolate-nonessential-chilled-water.md,2.1.25 (4.2),G2.1.25,RESOLVED,G2.1.25 (RO 3.9 / SRO 4.2),Admin | SRO | 
wiki/exams/2014/jpm-sro-a1-2-review-qptr.md,2.1.18 (3.8),G2.1.18,RESOLVED,G2.1.18 (RO 3.6 / SRO 3.8),Admin | SRO | 
wiki/exams/2014/jpm-sro-a2-review-tagging-list.md,Alternate Path,,UNPARSEABLE,,Admin | SRO | 2.2.13 (4.3) | 
wiki/exams/2014/jpm-sro-a3-authorize-gas-release.md,Alternate Path,,UNPARSEABLE,,Admin | SRO | 2.3.6 (3.8) | 
wiki/exams/2014/jpm-sro-a4-classify-event-general-emergency.md,Time-Critical,,UNPARSEABLE,,Admin | SRO | 2.4.44 (4.4) | 
wiki/exams/2014/q1-immovable-misaligned-rods-required-action.md,AA2.03 (RO 3.5 / SRO 4.4),,UNPARSEABLE,,
wiki/exams/2014/q10-pzr-pressure-channel-fails-low-rcs-response.md,AK2.03 (RO 2.6 / SRO 2.8),,UNPARSEABLE,,
wiki/exams/2014/q100-short-duration-ue-corrected-before-notifications.md,194001 G2.4.29 (RO 3.1 / SRO 4.4),G2.4.29,RESOLVED,G2.4.29 (RO 3.1 / SRO 4.4),
wiki/exams/2014/q11-atwt-condition-requiring-manual-trip.md,G2.4.50 (RO 4.2 / SRO 4.0),G2.4.50,RESOLVED,G2.4.50 (RO 4.2 / SRO 4),
wiki/exams/2014/q12-loss-of-srni-maintain-below-p6.md,AK3.01 (RO 3.2 / SRO 3.6),,UNPARSEABLE,,
wiki/exams/2014/q13-fuel-handling-incident-evacuation-condition.md,AK1.01 (RO 3.5 / SRO 4.1),,UNPARSEABLE,,
wiki/exams/2014/q14-2r19a-sg-blowdown-rad-monitor-21gb4-closure.md,000038 EK3.03 (RO 3.6 / SRO 4.0),038 EK3.03,RESOLVED,038 EK3.03 (RO 3.6 / SRO 3.6),
wiki/exams/2014/q15-steam-line-rupture-afw-steam-release-rcs-heatup.md,000040 AK1.01 (RO 4.1 / SRO 4.4),040 AK1.01,NUMBER_NOT_IN_CATALOG,,
wiki/exams/2014/q16-loss-of-all-ac-recovery-equipment-operation-sequence.md,000055 EA1.07 (RO 4.3 / SRO 4.5),055 EA1.07,RESOLVED,055 EA1.07 (RO 4.1 / SRO 4.1),
wiki/exams/2014/q17-loss-of-115vac-vital-bus-power-reduction-method.md,000057 AK3.01 (RO 4.1 / SRO 4.4),057 AK3.01,RESOLVED,057 AK3.01 (RO 4.1 / SRO 4.1),
wiki/exams/2014/q18-2c-125vdc-bus-volt-lo-condition-and-action.md,000058 2.4.46 (RO 4.2 / SRO 4.2),G2.4.46,RESOLVED,G2.4.46 (RO 4.2 / SRO 4.2),
wiki/exams/2014/q19-control-air-pressure-lo-required-actions.md,000065 2.1.7 (RO 4.4 / SRO 4.7),G2.1.7,RESOLVED,G2.1.7 (RO 4.4 / SRO 4.7),
wiki/exams/2014/q2-reactor-trip-first-out-f-window-indication.md,EA2.05 (RO 3.4 / SRO 3.9),,UNPARSEABLE,,
wiki/exams/2014/q20-failed-fuel-first-rad-monitor-with-excess-letdown.md,000076 AA1.04 (RO 3.2 / SRO 3.4),076 AA1.04,RESOLVED,076 AA1.04 (RO 3.2 / SRO 3.2),
wiki/exams/2014/q21-generator-loading-outside-allowable-after-500kv-disturbance.md,000077 AA2.02 (RO 3.5 / SRO 3.6),077 AA2.02,RESOLVED,077 AA2.02 (RO 3.7 / SRO 3.4),
wiki/exams/2014/q22-loca-2-next-major-action-during-cooldown.md,00WE03 EK1.2 (RO 3.6 / SRO 4.1),WE03 EK1.02,NUMBER_NOT_IN_CATALOG,,
wiki/exams/2014/q23-frhs-1-bleed-and-feed-method-with-2pr7-shut.md,00WE05 EK1.2 (RO 3.9 / SRO 4.5),WE05 EK1.02,NUMBER_NOT_IN_CATALOG,,
wiki/exams/2014/q24-frcc-3-eccs-injection-indication.md,00WE07 EK2.2 (RO 3.5 / SRO 3.9),WE07 EK2.02,NUMBER_NOT_IN_CATALOG,,
wiki/exams/2014/q25-frts-1-rcp-start-strategy.md,00WE08 EA2.2 (RO 3.5 / SRO 4.1),WE08 EA2.02,NUMBER_NOT_IN_CATALOG,,
wiki/exams/2014/q26-trip-6-minimum-rvlis-level-during-natural-circ-cooldown.md,00WE10 EA1.3 (RO 3.4 / SRO 3.7),WE10 EA1.03,NUMBER_NOT_IN_CATALOG,,
wiki/exams/2014/q27-containment-spray-operation-during-loca-5.md,00WE11 EA2.1 (RO 3.4 / SRO 4.2),WE11 EA2.01,NUMBER_NOT_IN_CATALOG,,
wiki/exams/2014/q28-control-rod-withdrawal-effect-on-plant.md,001000 K5.06 (RO 3.8 / SRO 4.1),001 K5.06,RESOLVED,001 K5.06 (RO 3.8 / SRO 3.8),
wiki/exams/2014/q29-single-loop-flow-reduction-effect.md,002000 A3.03 (RO 4.4 / SRO 4.6),002 A3.03,RESOLVED,002 A3.03 (RO 4.1 / SRO 4.1),
wiki/exams/2014/q3-pzr-safety-valve-failed-open-level-response.md,AA1.06 (RO 3.6 / SRO 3.6),,UNPARSEABLE,,
wiki/exams/2014/q30-condition-requiring-entry-into-ab-rcp.md,003000 K2.02 (RO 2.5 / SRO 2.6),003 K2.02,RESOLVED,003 K2.02 (RO 0 / SRO 0),
wiki/exams/2014/q31-2cc190-thermal-barrier-cc-outlet-valve-fails-shut.md,003000 K6.04 (RO 2.8 / SRO 3.1),003 K6.04,RESOLVED,003 K6.04 (RO 3.8 / SRO 3.8),
wiki/exams/2014/q32-1cc71-letdown-hx-cc-valve-fails-50-open.md,004000 A2.30 (RO 3.3 / SRO 3.6),004 A2.30,RESOLVED,004 A2.30 (RO 3.5 / SRO 3.5),
wiki/exams/2014/q33-rhr-pump-4kv-vital-power-supplies.md,005000 K2.01 (RO 3.0 / SRO 3.2),005 K2.01,RESOLVED,005 K2.01 (RO 4.1 / SRO 4.1),
wiki/exams/2014/q34-small-break-loca-with-1a-bus-lockout-containment-response.md,006000 A4.01 (RO 4.1 / SRO 3.9),006 A4.01,RESOLVED,006 A4.01 (RO 4.3 / SRO 4.3),
wiki/exams/2014/q35-unexpected-overhead-alarm-during-loca.md,006000 2.4.46 (RO 4.2 / SRO 4.2),G2.4.46,RESOLVED,G2.4.46 (RO 4.2 / SRO 4.2),
wiki/exams/2014/q36-1pr1-porv-stuck-open-effect-and-ab-pzr-actions.md,007000 A2.01 (RO 3.9 / SRO 4.2),007 A2.01,RESOLVED,007 A2.01 (RO 4.5 / SRO 4.1),
wiki/exams/2014/q37-ccw-tech-spec-consequence-after-2c-undervoltage.md,008000 2.2.37 (RO 3.6 / SRO 4.6),G2.2.37,RESOLVED,G2.2.37 (SRO 4.6),
wiki/exams/2014/q38-2ps3-spray-valve-demand-fails-to-50.md,010000 K3.01 (RO 3.8 / SRO 3.9),010 K3.01,RESOLVED,010 K3.01 (RO 4.1 / SRO 4.1),
wiki/exams/2014/q39-pr3-safety-tailpipe-temperature-constant-enthalpy.md,010000 K5.02 (RO 2.6 / SRO 3.0),010 K5.02,RESOLVED,010 K5.02 (RO 3.5 / SRO 3.5),
wiki/exams/2014/q4-eop-loca-4-hot-leg-recirc-purpose.md,EK3.12 (RO 4.4 / SRO 4.6),,UNPARSEABLE,,
wiki/exams/2014/q40-seal-water-flow-lo-all-rcps-cause.md,011000K6.06 (RO 2.5 / SRO 2.8),011 K6.06,RESOLVED,011 K6.06 (RO 0 / SRO 0),
wiki/exams/2014/q41-rcs-leak-during-heatup-rps-response.md,012000G4.09 (RO 2.4 / SRO 4.2),,UNPARSEABLE,,
wiki/exams/2014/q42-continuous-rod-withdrawal-power-rise-termination.md,012000K4.02 (RO 3.9 / SRO 4.3),012 K4.02,RESOLVED,012 K4.02 (RO 4.5 / SRO 4.5),
wiki/exams/2014/q43-eccs-acceptance-criteria-50-46.md,013000K3.01 (RO 4.4 / SRO 4.7),013 K3.01,RESOLVED,013 K3.01 (RO 3.9 / SRO 3.9),
wiki/exams/2014/q44-all-outward-rod-motion-blocked-condition.md,015000K4.02 (RO 3.7 / SRO 3.9),015 K4.02,RESOLVED,015 K4.02 (RO 3.9 / SRO 3.9),
wiki/exams/2014/q45-cet-deenergized-natural-circ-indication.md,017000K3.01 (RO 3.5 / SRO 3.7),017 K3.01,RESOLVED,017 K3.01 (RO 0 / SRO 0),
wiki/exams/2014/q46-cfcu-sw-flow-low-to-high-speed-transfer.md,022000A1.04 (RO 3.2 / SRO 3.3),022 A1.04,RESOLVED,022 A1.04 (RO 3.3 / SRO 3.3),
wiki/exams/2014/q47-22sw20-shut-cfcu-cooling-loss-restoration.md,022000A2.04 (RO 2.9 / SRO 3.2),022 A2.04,RESOLVED,022 A2.04 (RO 3.7 / SRO 3.4),
wiki/exams/2014/q48-reset-automatic-containment-spray-initiation.md,026000A4.05 (RO 3.5 / SRO 3.5),026 A4.05,RESOLVED,026 A4.05 (RO 4 / SRO 4),
wiki/exams/2014/q49-hydrogen-recombiner-availability-1a-bus-lockout.md,028000K2.01 (RO 2.5 / SRO 2.8),028 K2.01,RESOLVED,028 K2.01 (RO 2.4 / SRO 2.4),
wiki/exams/2014/q5-rcp-thermal-barrier-rupture-unexpected-indication.md,AK2.08 (RO 2.6 / SRO 2.6),,UNPARSEABLE,,
wiki/exams/2014/q50-sfp-boron-2127-ppm-basis-preferred-source.md,033000A2.01 (RO 3.0 / SRO 3.5),033 A2.01,RESOLVED,033 A2.01 (RO 3.8 / SRO 3.6),
wiki/exams/2014/q51-automatic-main-steamline-isolation-cause.md,039000A3.02 (RO 3.1 / SRO 3.5),039 A3.02,RESOLVED,039 A3.02 (RO 3.3 / SRO 3.3),
wiki/exams/2014/q52-ms-dump-pressure-setpoint-raised-effect.md,039000K5.08 (RO 3.6 / SRO 3.6),039 K5.08,RESOLVED,039 K5.08 (RO 4 / SRO 4),
wiki/exams/2014/q53-main-turbine-trip-parameter-changes.md,045000 A1.06 (RO 3.3 / SRO 3.7),045 A1.06,RESOLVED,045 A1.06 (RO 3 / SRO 3),
wiki/exams/2014/q54-condensate-pump-trip-effect-on-mfw.md,056000 K1.03 (RO 2.6 / SRO 2.6),056 K1.03,RESOLVED,056 K1.03 (RO 3.8 / SRO 3.8),
wiki/exams/2014/q55-spurious-msli-effect-on-feed.md,059000 A4.03 (RO 2.9 / SRO 2.9),059 A4.03,RESOLVED,059 A4.03 (RO 3.6 / SRO 3.6),
wiki/exams/2014/q56-afp-pressure-override-malfunction-indications.md,061000 K6.02 (RO 2.6 / SRO 2.7),061 K6.02,RESOLVED,061 K6.02 (RO 4 / SRO 4),
wiki/exams/2014/q57-sec-mode-ii-actuation-conditions.md,062000 K3.01 (RO 3.5 / SRO 3.9),062 K3.01,RESOLVED,062 K3.01 (RO 4.1 / SRO 4.1),
wiki/exams/2014/q58-dc-bus-train-operability-ts-entry.md,063000 K1.03 (RO 2.9 / SRO 3.5),063 K1.03,RESOLVED,063 K1.03 (RO 0 / SRO 0),
wiki/exams/2014/q59-edg-loading-switch-auto-parallel-consequence.md,064000 A3.05 (RO 2.8 / SRO 2.9),064 A3.05,RESOLVED,064 A3.05 (RO 3.8 / SRO 3.8),
wiki/exams/2014/q6-loss-of-charging-action-before-starting-pump.md,AK1.01 (RO 2.8 / SRO 3.2),,UNPARSEABLE,,
wiki/exams/2014/q60-cvcs-monitor-tank-release-termination.md,068000 A4.04 (RO 3.8 / SRO 3.7),068 A4.04,RESOLVED,068 A4.04 (RO 0 / SRO 0),
wiki/exams/2014/q61-tube-leak-radiation-monitor-response.md,073000 A1.01 (RO 3.2 / SRO 3.5),073 A1.01,RESOLVED,073 A1.01 (RO 3.5 / SRO 3.5),
wiki/exams/2014/q62-point-source-dose-rate-calculation.md,073000 K5.02 (RO 2.5 / SRO 3.1),073 K5.02,RESOLVED,073 K5.02 (RO 0 / SRO 0),
wiki/exams/2014/q63-service-water-lineup-after-si.md,076000 K4.01 (RO 2.5 / SRO 2.9),076 K4.01,RESOLVED,076 K4.01 (RO 3.8 / SRO 3.8),
wiki/exams/2014/q64-loss-of-control-air-both-units-rx-trip.md,078000 K1.02 (RO 2.7 / SRO 2.8),078 K1.02,RESOLVED,078 K1.02 (RO 3.1 / SRO 3.1),
wiki/exams/2014/q65-containment-penetration-eccs-isolation.md,103000 K4.06 (RO 3.1 / SRO 3.7),103 K4.06,RESOLVED,103 K4.06 (RO 4.1 / SRO 4.1),
wiki/exams/2014/q66-earliest-mode-one-nco-refueling-shutdown.md,2.1.2 (RO 4.1 / SRO 4.4),G2.1.2,RESOLVED,G2.1.2 (RO 4.1 / SRO 4.4),
wiki/exams/2014/q67-amsac-purpose-prevent-excessive.md,2.1.27 (RO 3.9 / SRO 4.0),G2.1.27,RESOLVED,G2.1.27 (RO 3.9 / SRO 4),
wiki/exams/2014/q68-event-requiring-suspension-of-fuel-transfer.md,2.1.42 (RO 2.5 / SRO 3.4),G2.1.42,RESOLVED,G2.1.42 (SRO 3.4),
wiki/exams/2014/q69-bezel-red-blocking-tag-sole-isolation.md,2.2.13 (RO 4.1 / SRO 4.3),G2.2.13,RESOLVED,G2.2.13 (RO 4.1 / SRO 4.3),
wiki/exams/2014/q7-rapid-boration-alternate-method-2cv175.md,AK2.01 (RO 2.7 / SRO 2.7),,UNPARSEABLE,,
wiki/exams/2014/q70-lowest-rcs-pressure-safety-limit-exceeded.md,2.2.22 (RO 4.0 / SRO 4.7),G2.2.22,RESOLVED,G2.2.22 (RO 4 / SRO 4.7),
wiki/exams/2014/q71-least-time-to-respond-to-ts-lco.md,2.2.40 (RO 3.4 / SRO 4.7),G2.2.40,RESOLVED,G2.2.40 (RO 3.4 / SRO 4.7),
wiki/exams/2014/q72-radiation-worker-pocket-rwp-data-sheet-contents.md,2.3.7 (RO 3.5 / SRO 3.6),G2.3.7,RESOLVED,G2.3.7 (RO 0 / SRO 0),
wiki/exams/2014/q73-approval-to-issue-vhra-key.md,2.3.13 (RO 3.4 / SRO 3.8),G2.3.13,RESOLVED,G2.3.13 (RO 0 / SRO 0),
wiki/exams/2014/q74-cfst-monitoring-frequency-with-red-path.md,2.4.14 (RO 3.8 / SRO 4.5),G2.4.14,RESOLVED,G2.4.14 (RO 3.8 / SRO 4.5),
wiki/exams/2014/q75-secondary-communicator-action-during-alert.md,2.4.29 (RO 3.1 / SRO 4.4),G2.4.29,RESOLVED,G2.4.29 (RO 3.1 / SRO 4.4),
wiki/exams/2014/q76-continuous-rod-withdrawal-cause-and-response.md,000001A205 (SRO 4.6),001 A2.05,RESOLVED,001 A2.05 (RO 2 / SRO 2.3),
wiki/exams/2014/q77-dropped-rod-recovery-procedure-transition.md,000003A201 (SRO 3.9),003 A2.01,RESOLVED,003 A2.01 (RO 4 / SRO 4),
wiki/exams/2014/q78-offline-notification-recipients.md,000007G2.4.30 (SRO 4.1),G2.4.30,RESOLVED,G2.4.30 (RO 2.7 / SRO 4.1),
wiki/exams/2014/q79-highest-ecg-classification.md,000029G2.4.41 (SRO 4.6),G2.4.41,RESOLVED,G2.4.41 (SRO 4.6),
wiki/exams/2014/q8-loss-of-rhr-preferred-restart-flow-rate.md,AK2.02 (RO 3.2 / SRO 3.2),,UNPARSEABLE,,
wiki/exams/2014/q80-fuel-handling-incident-response.md,000036G2.4.11 (SRO 4.2),G2.4.11,RESOLVED,G2.4.11 (RO 0 / SRO 0),
wiki/exams/2014/q81-500kv-breaker-fault-crs-response.md,000056G2.1.7 (SRO 4.7),G2.1.7,RESOLVED,G2.1.7 (RO 4.4 / SRO 4.7),
wiki/exams/2014/q82-gas-decay-tank-release-termination-condition.md,000060G2.1.32 (SRO 4.0),G2.1.32,RESOLVED,G2.1.32 (RO 3.8 / SRO 4),
wiki/exams/2014/q83-service-water-leak-location-and-response.md,000062AA2.02 (SRO 3.6),062 AA2.02,RESOLVED,062 AA2.02 (RO 3.8 / SRO 3.3),
wiki/exams/2014/q84-loca-6-transition-procedure-and-actions.md,00WE04EA2.2 (SRO 4.2),WE04 EA2.02,NUMBER_NOT_IN_CATALOG,,
wiki/exams/2014/q85-losc-2-subsequent-action.md,00WE12EA2.1 (SRO 4.0),WE12 EA2.01,NUMBER_NOT_IN_CATALOG,,
wiki/exams/2014/q86-rcs-water-inventory-balance-mode-4-entry.md,002000G2.1.20 (SRO 4.6),G2.1.20,RESOLVED,G2.1.20 (RO 4.6 / SRO 4.6),
wiki/exams/2014/q87-rhr-response-to-rcs-pressure-transient-mode-5.md,005000A2.02 (SRO 3.7),005 A2.02,RESOLVED,005 A2.02 (RO 4 / SRO 3.9),
wiki/exams/2014/q88-natural-circ-cooldown-crs-action.md,006000G2.4.6 (SRO 4.7),G2.4.6,RESOLVED,G2.4.6 (RO 3.7 / SRO 4.7),
wiki/exams/2014/q89-loca-3-sump-blockage-cs-flow-effect.md,026000 A2.07 (RO 3.6 / SRO 3.9),026 A2.07,RESOLVED,026 A2.07 (RO 4 / SRO 3.9),
wiki/exams/2014/q9-ccw-leak-component-identification.md,AA1.02 (RO 3.2 / SRO 3.3),,UNPARSEABLE,,
wiki/exams/2014/q90-sfp-pump-failure-plant-response-fuel-transfer.md,033000 A2.02 (RO 2.7 / SRO 3.0),033 A2.02,RESOLVED,033 A2.02 (RO 3.8 / SRO 3.2),
wiki/exams/2014/q91-stuck-open-tb40-low-tavg-tech-spec-application.md,041000 A2.02 (RO 3.6 / SRO 3.9),041 A2.02,RESOLVED,041 A2.02 (RO 4.3 / SRO 3.8),
wiki/exams/2014/q92-fwi-failure-consequence-and-response.md,059000 A2.03 (RO 2.7 / SRO 3.1),059 A2.03,RESOLVED,059 A2.03 (RO 3.4 / SRO 3.5),
wiki/exams/2014/q93-edg-fuel-oil-transfer-pump-ts-entry.md,064000 G2.2.22 (RO 4.0 / SRO 4.7),G2.2.22,RESOLVED,G2.2.22 (RO 4 / SRO 4.7),
wiki/exams/2014/q94-ir-ni-status-and-required-action.md,194001 G2.1.20 (RO 4.6 / SRO 4.6),G2.1.20,RESOLVED,G2.1.20 (RO 4.6 / SRO 4.6),
wiki/exams/2014/q95-pzr-cold-cal-level-charging-flow.md,194001 G2.1.25 (RO 3.9 / SRO 4.2),G2.1.25,RESOLVED,G2.1.25 (RO 3.9 / SRO 4.2),
wiki/exams/2014/q96-tccp-to-permanent-change-process.md,194001 G2.2.11 (RO 2.3 / SRO 3.3),G2.2.11,RESOLVED,G2.2.11 (RO 0 / SRO 0),
wiki/exams/2014/q97-afw-operability-bases-modes-1-3.md,194001 G2.2.25 (RO 3.2 / SRO 4.2),G2.2.25,RESOLVED,G2.2.25 (SRO 4.2),
wiki/exams/2014/q98-containment-entry-power-limit-and-authorization.md,194001 G2.3.12 (RO 3.2 / SRO 3.7),G2.3.12,RESOLVED,G2.3.12 (RO 3.2 / SRO 3.7),
wiki/exams/2014/q99-condition-requiring-suspending-frp.md,194001 G2.4.18 (RO 3.3 / SRO 4.0),G2.4.18,RESOLVED,G2.4.18 (RO 3.3 / SRO 4),
wiki/exams/2015/jpm-ip-i-containment-spray-valve-verification.md,026 2.2.12 (3.7),G2.2.12,RESOLVED,G2.2.12 (RO 3.7 / SRO 4.1),In-Plant | RO/SRO | 
wiki/exams/2015/jpm-ip-j-rcp-seal-cooling-restoration.md,039 A1.09 (2.8),039 A1.09,RESOLVED,039 A1.09 (RO 3.6 / SRO 3.6),In-Plant | RO/SRO | 
wiki/exams/2015/jpm-ip-k-authorized-waste-gas-release.md,071 Gen 2.3.11 (3.8),G2.3.11,RESOLVED,G2.3.11 (RO 3.8 / SRO 4.3),In-Plant | RO/SRO | 
wiki/exams/2015/jpm-ro-a1a-tcaf-adverse-environmental-conditions.md,G2.1.25 (3.9),G2.1.25,RESOLVED,G2.1.25 (RO 3.9 / SRO 4.2),Admin | RO/SRO | 
wiki/exams/2015/jpm-ro-a1b-csd-boron-natural-circ-cooldown.md,G2.1.43 (4.1),G2.1.43,RESOLVED,G2.1.43 (RO 4.1 / SRO 4.3),Admin | RO | 
wiki/exams/2015/jpm-ro-a2-charging-pump-operability-surveillance.md,G2.2.37 (3.9),G2.2.37,RESOLVED,G2.2.37 (SRO 4.6),Admin | RO/SRO | 
wiki/exams/2015/jpm-ro-a4-secondary-communicator-log.md,G2.4.43 (3.2),G2.4.43,RESOLVED,G2.4.43 (RO 3.2 / SRO 3.8),Admin | RO | 
wiki/exams/2015/jpm-sim-a-dropped-control-rod-corrective-actions.md,003 AA2.03 (3.6),003 AA2.03,RESOLVED,003 AA2.03 (RO 0 / SRO 0),Simulator | RO/SRO | 
wiki/exams/2015/jpm-sim-b-vct-level-instrument-loss-manual-makeup.md,APE 022 AA1.01 (3.4),022 AA1.01,RESOLVED,022 AA1.01 (RO 3.8 / SRO 3.8),Simulator | RO/SRO | 
wiki/exams/2015/jpm-sim-c-raise-eccs-accumulator-level-pressure.md,006 A4.07 (4.4),006 A4.07,RESOLVED,006 A4.07 (RO 0 / SRO 0),Simulator | RO/SRO | 
wiki/exams/2015/jpm-sim-d-main-turbine-valve-testing.md,045 2.1.23 (4.3),G2.1.23,RESOLVED,G2.1.23 (RO 4.3 / SRO 4.4),Simulator | RO/SRO | 
wiki/exams/2015/jpm-sim-e-transfer-4kv-group-bus-spt-to-apt.md,062 A4.01 (3.3),062 A4.01,RESOLVED,062 A4.01 (RO 3.5 / SRO 3.5),Simulator | RO/SRO | 
wiki/exams/2015/jpm-sim-f-nis-source-range-energize-trip-2.md,EPE 007 EA1.05 (4.0),007 EA1.05,RESOLVED,007 EA1.05 (RO 3.9 / SRO 3.9),Simulator | RO/SRO | 
wiki/exams/2015/jpm-sim-g-ccw-system-abnormality-corrective-action.md,008 A4.01 (3.3),008 A4.01,RESOLVED,008 A4.01 (RO 3.7 / SRO 3.7),Simulator | RO/SRO | 
wiki/exams/2015/jpm-sim-h-tcaf-loss-of-rhr-cooling.md,APE025 AA1.01/AA1.03 (3.6/3.4),025 AA1.03,RESOLVED,025 AA1.03 (RO 4 / SRO 4),Simulator | RO/SRO | 
wiki/exams/2015/jpm-sro-a1a-secondary-chemistry-action-levels.md,2.1.34 (3.5),G2.1.34,RESOLVED,G2.1.34 (RO 2.7 / SRO 3.5),Admin | SRO | 
wiki/exams/2015/jpm-sro-a1b-dropped-rod-tsas-log.md,2.1.18 (3.8),G2.1.18,RESOLVED,G2.1.18 (RO 3.6 / SRO 3.8),Admin | SRO | 
wiki/exams/2015/jpm-sro-a2-component-operability-ist-results.md,2.2.37 (4.6),G2.2.37,RESOLVED,G2.2.37 (SRO 4.6),Admin | RO/SRO | 
wiki/exams/2015/jpm-sro-a3-liquid-waste-release-path.md,2.3.6 (3.8),G2.3.6,RESOLVED,G2.3.6 (RO 2 / SRO 3.8),Admin | SRO | 
wiki/exams/2015/jpm-sro-a4-1-esg1-emergency-classification-icmf.md,2.4.41 (4.6),G2.4.41,RESOLVED,G2.4.41 (SRO 4.6),Admin | SRO | 
wiki/exams/2015/jpm-sro-a4-2-esg2-emergency-classification-icmf.md,2.4.41 (4.6),G2.4.41,RESOLVED,G2.4.41 (SRO 4.6),Admin | SRO | 
wiki/exams/2015/jpm-sro-a4-3-esg3-emergency-classification-icmf.md,2.4.41 (4.6),G2.4.41,RESOLVED,G2.4.41 (SRO 4.6),Admin | SRO | 
wiki/exams/2015/q1-rod-control-turbine-pressure-transmitter-failure.md,000001 AK1.05 (3.5/3.0),001 AK1.05,RESOLVED,001 AK1.05 (RO 3.7 / SRO 3.7),
wiki/exams/2015/q10-sg-tube-leak-2r19c-alarm-post-trip.md,000037 AA2.01 (3.0/3.4),037 AA2.01,RESOLVED,037 AA2.01 (RO 3.6 / SRO 3.6),
wiki/exams/2015/q100-sro-condition-requiring-par-before-tsc-eof-activation.md,194001 2.4.44 (2.4/4.4) — SRO,G2.4.44,RESOLVED,G2.4.44 (SRO 4.4),
wiki/exams/2015/q11-sgtr-single-stuck-rod-boration.md,000038 2.4.16 (3.5/4.4),G2.4.16,RESOLVED,G2.4.16 (RO 3.5 / SRO 4.4),
wiki/exams/2015/q12-slb-vs-flb-tavg-response.md,000054 AK1.01 (4.1/4.3),054 AK1.01,NUMBER_NOT_IN_CATALOG,,
wiki/exams/2015/q13-sbo-rhr-valve-fail-position-loss-of-air.md,000055 EA2.01 (3.4/3.7),055 EA2.01,RESOLVED,055 EA2.01 (RO 3.5 / SRO 3.6),
wiki/exams/2015/q14-2b-vib-line-regulator-breaker-trip.md,000057 AA1.01 (3.7/3.7),057 AA1.01,RESOLVED,057 AA1.01 (RO 3.7 / SRO 3.7),
wiki/exams/2015/q15-oha-b-10-2b-125vdc-bus-volt-lo-required-action.md,000058 AA1.01 (3.4/3.5),058 AA1.01,RESOLVED,058 AA1.01 (RO 3.6 / SRO 3.6),
wiki/exams/2015/q16-sw122-cc-hx-sw-inlet-valves-auto-reposition.md,000062 AK3.02 (3.6/2.9),062 AK3.02,RESOLVED,062 AK3.02 (RO 3.9 / SRO 3.9),
wiki/exams/2015/q17-oha-a-7-fire-prot-2rp5-fire-zone-response.md,000067 AK3.02 (2.5/3.3),067 AK3.02,RESOLVED,067 AK3.02 (RO 3.3 / SRO 3.3),
wiki/exams/2015/q18-frcc-1-sg-level-afw-flow-prior-to-accumulator-injection.md,000074 EK2.03 (4.0/4.0),074 EK2.03,RESOLVED,074 EK2.03 (RO 4.1 / SRO 4.1),
wiki/exams/2015/q19-2r31-crud-burst-vs-failed-fuel-differentiation.md,000076 AA2.03 (2.5/3.0),076 AA2.03,RESOLVED,076 AA2.03 (RO 3 / SRO 3.5),
wiki/exams/2015/q2-eop-trip-1-diagnostic-step-sequence.md,000007 EK3.01 (4.0/4.6),007 EK3.01,RESOLVED,007 EK3.01 (RO 0 / SRO 0),
wiki/exams/2015/q20-generator-loading-outside-allowable-after-500kv-disturbance.md,000077 AA2.01 (3.5/3.6),077 AA2.01,RESOLVED,077 AA2.01 (RO 3.7 / SRO 3.3),
wiki/exams/2015/q21-eop-loca-2-rcs-subcooling-strategy-during-depressurization.md,00WE03 EA1.03 (3.7/4.1),WE03 EA1.03,NUMBER_NOT_IN_CATALOG,,
wiki/exams/2015/q22-eop-loca-6-leak-location-not-isolated.md,00WE04 EK2.02 (3.8/4.0),WE04 EK2.02,NUMBER_NOT_IN_CATALOG,,
wiki/exams/2015/q23-eop-frhs-1-caution-basis-bleed-and-feed-steps.md,00WE05 2.4.20 (3.8/4.3),G2.4.20,RESOLVED,G2.4.20 (RO 3.8 / SRO 4.3),
wiki/exams/2015/q24-eop-loca-5-recirc-restored-continuous-action-step.md,00WE11 EA1.03 (3.7/4.2),WE11 EA1.03,NUMBER_NOT_IN_CATALOG,,
wiki/exams/2015/q25-eop-losc-2-rcp-trip-criteria-during-cooldown.md,00WE12 EA2.02 (3.4/3.9),WE12 EA2.02,NUMBER_NOT_IN_CATALOG,,
wiki/exams/2015/q26-sg-safety-valves-open-at-1115-psig.md,00WE13 EK2.02 (3.0/3.2),WE13 EK2.02,NUMBER_NOT_IN_CATALOG,,
wiki/exams/2015/q27-loca-containment-pressure-automatic-action-12-to-18-psig.md,00WE14 EA1.01 (3.7/3.7),WE14 EA1.01,NUMBER_NOT_IN_CATALOG,,
wiki/exams/2015/q28-oha-e-48-rod-bottom-clear-during-startup.md,001000 A3.02 (3.7/3.6),001 A3.02,RESOLVED,001 A3.02 (RO 0 / SRO 0),
wiki/exams/2015/q29-refueling-cavity-fill-pzr-cold-cal-rwst-level-indications.md,002000 A1.11 (2.7/3.2),002 A1.11,RESOLVED,002 A1.11 (RO 3.3 / SRO 3.3),
wiki/exams/2015/q3-eop-loca-1-sg-narrow-range-level-basis.md,000009 EK2.03 (3.0/3.3),009 EK2.03,RESOLVED,009 EK2.03 (RO 3.9 / SRO 3.9),
wiki/exams/2015/q30-1cv114-rcp-seal-bypass-valve-prerequisites.md,003000 A4.07 (2.6/2.6),003 A4.07,RESOLVED,003 A4.07 (RO 2.9 / SRO 2.9),
wiki/exams/2015/q31-condition-preventing-21-rcp-start.md,003000 K1.01 (2.6/2.8),003 K1.01,RESOLVED,003 K1.01 (RO 3.4 / SRO 3.4),
wiki/exams/2015/q32-1cv4-letdown-orifice-isolation-interlock.md,004000 K4.13 (3.2/3.5),004 K4.13,RESOLVED,004 K4.13 (RO 0 / SRO 0),
wiki/exams/2015/q33-hydrogen-removal-from-rcs-before-refueling-outage.md,004000 K5.49 (2.7/3.3),004 K5.49,RESOLVED,004 K5.49 (RO 3 / SRO 3),
wiki/exams/2015/q34-22-rhr-pump-trip-during-hot-leg-recirc-prep.md,005000 K3.05 (3.7/3.8),005 K3.05,RESOLVED,005 K3.05 (RO 4.3 / SRO 4.3),
wiki/exams/2015/q35-applicable-ts-lco-if-22-charging-pump-trips.md,006000 2.2.42 (3.9/4.6),G2.2.42,RESOLVED,G2.2.42 (RO 3.9 / SRO 4.6),
wiki/exams/2015/q36-rising-containment-humidity-pressure-after-trip-si.md,007000 K1.01 (2.9/3.1),007 K1.01,RESOLVED,007 K1.01 (RO 3.5 / SRO 3.5),
wiki/exams/2015/q37-2cc215-air-failure-excess-letdown-temperature.md,008000 A2.05 (3.3/3.5),008 A2.05,RESOLVED,008 A2.05 (RO 3.2 / SRO 3.3),
wiki/exams/2015/q38-pzr-backup-heater-operation-channel-failed-low.md,010000 A4.02 (3.6/3.4),010 A4.02,RESOLVED,010 A4.02 (RO 3.6 / SRO 3.6),
wiki/exams/2015/q39-pzr-spray-nozzle-thermal-shock-prevention.md,010000 K4.01 (2.7/2.9),010 K4.01,RESOLVED,010 K4.01 (RO 2.8 / SRO 2.8),
wiki/exams/2015/q4-natural-circulation-determination-loop.md,000015 AK1.01 (4.4/4.6),015 AK1.01,RESOLVED,015 AK1.01 (RO 3.9 / SRO 3.9),
wiki/exams/2015/q40-return-master-flow-controller-to-auto-consequence.md,011000 A4.04 (3.2/2.9),011 A4.04,RESOLVED,011 A4.04 (RO 3.5 / SRO 3.5),
wiki/exams/2015/q41-reactor-trip-handles-2cc2-rps-interface.md,012000 A4.01 (4.5/4.5),012 A4.01,RESOLVED,012 A4.01 (RO 4.4 / SRO 4.4),
wiki/exams/2015/q42-2b-vital-instrument-bus-deenergized-effect-on-rps.md,012000 K2.01 (3.3/3.7),012 K2.01,RESOLVED,012 K2.01 (RO 4 / SRO 4),
wiki/exams/2015/q43-edg-sequencing-response-when-si-occurs-after-loop.md,013000 K1.12 (4.1/4.4),013 K1.12,RESOLVED,013 K1.12 (RO 4.3 / SRO 4.3),
wiki/exams/2015/q44-cet-control-panel-all-mode-display.md,017000 K4.02 (3.1/3.6),017 K4.02,RESOLVED,017 K4.02 (RO 3.4 / SRO 3.4),
wiki/exams/2015/q45-containment-spray-response-after-safeguards-reset-losc-2.md,022000 A3.01 (4.1/4.3),022 A3.01,RESOLVED,022 A3.01 (RO 4.2 / SRO 4.2),
wiki/exams/2015/q46-21cs2-pump-discharge-valve-motored-closed-effect.md,026000 K3.02 (4.2/4.3),026 K3.02,RESOLVED,026 K3.02 (RO 0 / SRO 0),
wiki/exams/2015/q47-containment-iodine-removal-units-availability-after-loop.md,027000 K2.01 (3.1/3.4),027 K2.01,RESOLVED,027 K2.01 (RO 0 / SRO 0),
wiki/exams/2015/q48-h2-recombiner-effectiveness-vs-containment-pressure.md,028000 A2.01 (3.4/3.6),028 A2.01,RESOLVED,028 A2.01 (RO 3 / SRO 2.6),
wiki/exams/2015/q49-loss-of-spent-fuel-pool-cooling-adverse-consequence.md,033000 K3.03 (3.0/3.3),033 K3.03,RESOLVED,033 K3.03 (RO 0 / SRO 0),
wiki/exams/2015/q5-loss-of-charging-23-pump-rwst-suction.md,000022 AK3.02 (3.5/3.6),022 AK3.02,RESOLVED,022 AK3.02 (RO 3.7 / SRO 3.7),
wiki/exams/2015/q50-second-sg-nr-level-channel-failure-feedwater-response.md,035000 K6.03 (2.6/3.0),035 K6.03,RESOLVED,035 K6.03 (RO 3.8 / SRO 3.8),
wiki/exams/2015/q51-excessive-steam-flow-reactor-power-response-ab-stm.md,039000 A2.05 (3.3/3.6),039 A2.05,RESOLVED,039 A2.05 (RO 4.5 / SRO 4),
wiki/exams/2015/q52-21-sgfp-speed-not-rising-after-relatch-rapid-recovery.md,059000 A1.07 (2.5/2.6),059 A1.07,RESOLVED,059 A1.07 (RO 3.4 / SRO 3.4),
wiki/exams/2015/q53-mdafw-recirc-valve-response-af21s-shut.md,061000 K5.03 (2.6/2.9),061 K5.03,RESOLVED,061 K5.03 (RO 0 / SRO 0),
wiki/exams/2015/q54-afw-pump-status-after-21-sgfp-trip-at-24-percent.md,061000 K6.02 (2.6/2.7),061 K6.02,RESOLVED,061 K6.02 (RO 4 / SRO 4),
wiki/exams/2015/q55-2c-edg-load-limit-2610kw-endurance-run.md,062000 A1.01 (3.4/3.8),062 A1.01,RESOLVED,062 A1.01 (RO 4 / SRO 4),
wiki/exams/2015/q56-125vdc-battery-duration-on-loss-of-all-ac.md,062000 K3.03 (3.7/3.9),062 K3.03,RESOLVED,062 K3.03 (RO 4.2 / SRO 4.2),
wiki/exams/2015/q57-loss-of-2g-4kv-bus-125vdc-control-power-effect-on-24-rcp.md,063000 K4.01 (2.7/3.0),063 K4.01,RESOLVED,063 K4.01 (RO 3.4 / SRO 3.4),
wiki/exams/2015/q58-edg-day-tank-makeup-after-21-dfost-rupture.md,064000 K6.08 (3.2/3.3),064 K6.08,RESOLVED,064 K6.08 (RO 3.9 / SRO 3.9),
wiki/exams/2015/q59-waste-gas-holdup-explosive-mixture-ts-3-11-2-5.md,071000 K5.04 (2.8/3.1),071 K5.04,RESOLVED,071 K5.04 (RO 3.5 / SRO 3.5),
wiki/exams/2015/q6-loss-of-rhr-sdc-flow-restoration.md,000025 AK2.01 (2.9/2.9),025 AK2.01,RESOLVED,025 AK2.01 (RO 4 / SRO 4),
wiki/exams/2015/q60-rad-monitor-response-during-containment-pressure-relief.md,073000 A1.01 (3.2/3.5),073 A1.01,RESOLVED,073 A1.01 (RO 3.5 / SRO 3.5),
wiki/exams/2015/q61-sw-pumps-running-after-1a-4kv-bus-deenergized.md,076000 K2.01 (2.7/2.7),076 K2.01,RESOLVED,076 K2.01 (RO 3.8 / SRO 3.8),
wiki/exams/2015/q62-ecac-control-air-header-effect-after-sec-restart.md,078000 A3.01 (3.1/3.2),078 A3.01,RESOLVED,078 A3.01 (RO 0 / SRO 0),
wiki/exams/2015/q63-fire-protection-water-alignment-to-system.md,086000 K1.03 (3.4/3.5),086 K1.03,RESOLVED,086 K1.03 (RO 3.2 / SRO 3.2),
wiki/exams/2015/q65-condition-containment-integrity-lco-not-met.md,103000 2.2.40 (3.4/4.7),G2.2.40,RESOLVED,G2.2.40 (RO 3.4 / SRO 4.7),
wiki/exams/2015/q66-lowest-21-bat-level-for-operability.md,194001 2.1.25 (3.9/4.2),G2.1.25,RESOLVED,G2.1.25 (RO 3.9 / SRO 4.2),
wiki/exams/2015/q67-condition-preventing-core-alterations-mode-6.md,194001 2.1.36 (3.0/4.1),G2.1.36,RESOLVED,G2.1.36 (RO 3 / SRO 4.1),
wiki/exams/2015/q68-sfp-fuel-movement-sro-requirement.md,194001 2.1.42 (2.5/3.4),G2.1.42,RESOLVED,G2.1.42 (SRO 3.4),
wiki/exams/2015/q69-sw-pumps-running-after-loop-and-si-unit1.md,194001 2.2.3 (3.8/3.9),G2.2.3,RESOLVED,G2.2.3 (RO 3.8 / SRO 3.9),
wiki/exams/2015/q7-pressurizer-pressure-malfunction-procedure-selection.md,000027 2.1.7 (4.4/4.7),G2.1.7,RESOLVED,G2.1.7 (RO 4.4 / SRO 4.7),
wiki/exams/2015/q70-iv-longest-time-before-hands-on-waived-dose.md,194001 2.2.14 (3.9/4.3),G2.2.14,RESOLVED,G2.2.14 (RO 3.9 / SRO 4.3),
wiki/exams/2015/q71-sw-pump-status-tracking-not-required-op-sa-108-115.md,194001 2.2.23 (3.1/4.6),G2.2.23,RESOLVED,G2.2.23 (RO 3.1 / SRO 4.6),
wiki/exams/2015/q72-containment-entry-additional-approval-during-shutdown.md,194001 2.3.12 (3.2/3.7),G2.3.12,RESOLVED,G2.3.12 (RO 3.2 / SRO 3.7),
wiki/exams/2015/q73-arm-causing-ventilation-alignment-change-on-high-alarm.md,194001 2.3.15 (2.9/3.1),G2.3.15,RESOLVED,G2.3.15 (RO 0 / SRO 0),
wiki/exams/2015/q74-eop-entry-flowpath-total-loss-of-ac-power.md,194001 2.4.1 (4.6/4.8),G2.4.1,RESOLVED,G2.4.1 (RO 0 / SRO 0),
wiki/exams/2015/q75-primary-communicator-state-notification-method-time-sae.md,194001 2.4.29 (3.1/4.4),G2.4.29,RESOLVED,G2.4.29 (RO 3.1 / SRO 4.4),
wiki/exams/2015/q76-sro-dropped-shutdown-bank-a-rod-low-power-physics.md,000003 2.4.9 (3.8/4.2) — SRO,G2.4.9,RESOLVED,G2.4.9 (RO 0 / SRO 0),
wiki/exams/2015/q77-sro-tech-spec-lcos-required-action-single-charging-pump-trip.md,000022 2.2.22 (4.0/4.7) — SRO,G2.2.22,RESOLVED,G2.2.22 (RO 4 / SRO 4.7),
wiki/exams/2015/q78-sro-procedure-first-action-loss-of-all-service-water-mode5.md,000025 2.1.20 (4.6/4.6) — SRO,G2.1.20,RESOLVED,G2.1.20 (RO 4.6 / SRO 4.6),
wiki/exams/2015/q79-sro-rcp-restart-criteria-method-during-sgtr.md,000038 EA2.17 (3.8/4.4) — SRO,038 EA2.17,RESOLVED,038 EA2.17 (RO 3.6 / SRO 3.1),
wiki/exams/2015/q8-pzr-level-reference-leg-leak-effect.md,000028 AK1.01 (2.7/3.1),028 AK1.01,RESOLVED,028 AK1.01 (RO 3.5 / SRO 3.5),
wiki/exams/2015/q80-sro-sw-leak-location-mitigation-header-pressure-alarms.md,000062 2.4.45 (4.1/4.3) — SRO,G2.4.45,RESOLVED,G2.4.45 (RO 4.1 / SRO 4.3),
wiki/exams/2015/q81-sro-local-pzr-level-control-after-control-room-evacuation.md,000068 AA2.07 (4.1/4.3) — SRO,068 AA2.07,RESOLVED,068 AA2.07 (RO 3.6 / SRO 3.8),
wiki/exams/2015/q82-sro-eop-loca-6-transition-unisolable-break.md,00WE04 EA2.01 (3.4/4.3) — SRO,WE04 EA2.01,NUMBER_NOT_IN_CATALOG,,
wiki/exams/2015/q83-sro-transition-out-of-trip-1-no-heat-sink-mslb.md,00WE05 EA2.02 (3.7/4.3) — SRO,WE05 EA2.02,NUMBER_NOT_IN_CATALOG,,
wiki/exams/2015/q84-sro-frts-1-implementation-during-degraded-core-cooling.md,00WE06 2.4.23 (3.4/4.4) — SRO,G2.4.23,RESOLVED,G2.4.23 (RO 3.4 / SRO 4.4),
wiki/exams/2015/q85-sro-procedure-required-before-natural-circ-rapid-cooldown.md,00WE10 EA2.02 (3.4/3.9) — SRO,WE10 EA2.02,NUMBER_NOT_IN_CATALOG,,
wiki/exams/2015/q86-sro-cc-surge-tank-rising-level-effect-action.md,008000 A2.02 (3.2/3.5) — SRO,008 A2.02,RESOLVED,008 A2.02 (RO 3.8 / SRO 3.7),
wiki/exams/2015/q87-sro-2pr1-porv-fail-open-mpc-response-ts-consequence.md,010000 A2.03 (4.1/4.2) — SRO,010 A2.03,RESOLVED,010 A2.03 (RO 4.3 / SRO 4),
wiki/exams/2015/q88-sro-boration-for-failed-control-bank-d-irpis.md,014000 A2.02 (3.1/3.6) — SRO,014 A2.02,RESOLVED,014 A2.02 (RO 3.3 / SRO 3.5),
wiki/exams/2015/q89-sro-second-irni-channel-erratic-at-power-crs-action.md,015000 2.1.7 (4.4/4.7) — SRO,G2.1.7,RESOLVED,G2.1.7 (RO 4.4 / SRO 4.7),
wiki/exams/2015/q9-atws-boron-worth-bol-eol.md,000029 AK1.03 (3.6/3.8),029 AK1.03,NUMBER_NOT_IN_CATALOG,,
wiki/exams/2015/q90-sro-cfcu-operability-after-isolating-23-cfcu-sw-inlet.md,022000 2.2.42 (3.9/4.6) — SRO,G2.2.42,RESOLVED,G2.2.42 (RO 3.9 / SRO 4.6),
wiki/exams/2015/q91-sro-containment-spray-securing-during-losc-loca-transition.md,026000 A2.08 (3.2/3.7) — SRO,026 A2.08,RESOLVED,026 A2.08 (RO 4 / SRO 3.7),
wiki/exams/2015/q92-sro-2a-edg-status-hot-restart-surveillance-missed.md,064000 2.1.20 (4.6/4.6) — SRO,G2.1.20,RESOLVED,G2.1.20 (RO 4.6 / SRO 4.6),
wiki/exams/2015/q93-sro-plant-status-response-after-loss-of-23-spt.md,075000 A2.02 (2.5/2.7) — SRO,075 A2.02,RESOLVED,075 A2.02 (RO 3.9 / SRO 3.4),
wiki/exams/2015/q94-sro-predicted-critical-rod-height-vs-ecc-startup-action.md,194001 2.1.23 (4.3/4.4) — SRO,G2.1.23,RESOLVED,G2.1.23 (RO 4.3 / SRO 4.4),
wiki/exams/2015/q95-sro-prerequisites-before-rx-head-detensioning-refueling.md,194001 2.1.41 (2.8/3.7) — SRO,G2.1.41,RESOLVED,G2.1.41 (RO 2.8 / SRO 3.7),
wiki/exams/2015/q96-sro-condition-preventing-fuel-movement-into-reactor.md,194001 2.2.1 (4.5/4.4) — SRO,G2.2.1,RESOLVED,G2.2.1 (RO 4.5 / SRO 4.4),
wiki/exams/2015/q97-sro-salem-event-requiring-15-minute-notification.md,194001 2.2.38 (3.6/4.5) — SRO,G2.2.38,RESOLVED,G2.2.38 (RO 3.6 / SRO 4.5),
wiki/exams/2015/q98-sro-required-action-basis-2r31-warning-ab-rc-0002.md,194001 2.3.14 (3.4/3.8) — SRO,G2.3.14,RESOLVED,G2.3.14 (SRO 3.8),
wiki/exams/2015/q99-sro-ecg-classification-timing-loss-of-all-annunciators.md,194001 2.4.32 (3.6/4.0) — SRO,G2.4.32,RESOLVED,G2.4.32 (RO 3.6 / SRO 4),
wiki/exams/2016/jpm-ip-i-pzr-bu-heaters-emergency-power.md,010 A4.02 (3.6/3.4),010 A4.02,RESOLVED,010 A4.02 (RO 3.6 / SRO 3.6),In-Plant | RO/SRO | 
wiki/exams/2016/jpm-ip-j-afw-backleakage-test.md,061 K1.02 (3.4/3.7),061 K1.02,RESOLVED,061 K1.02 (RO 3.9 / SRO 3.9),In-Plant | RO/SRO | 
wiki/exams/2016/jpm-ip-k-edg-start-and-sync.md,064 A2.09 (3.1/3.3),064 A2.09,RESOLVED,064 A2.09 (RO 0 / SRO 0),In-Plant | RO/SRO | 
wiki/exams/2016/jpm-ro-a1a-containment-sump-leakage.md,G2.1.25 (3.9/4.2),G2.1.25,RESOLVED,G2.1.25 (RO 3.9 / SRO 4.2),Admin | RO/SRO | 
wiki/exams/2016/jpm-ro-a1b-shutdown-margin-calc.md,G2.1.43 (4.1),G2.1.43,RESOLVED,G2.1.43 (RO 4.1 / SRO 4.3),Admin | RO/SRO | 
wiki/exams/2016/jpm-ro-a2-borated-water-sources.md,G2.2.37 (3.6/4.6),G2.2.37,RESOLVED,G2.2.37 (SRO 4.6),Admin | RO/SRO | 
wiki/exams/2016/jpm-ro-a3-stay-time-emergency.md,G2.3.4 (3.2),G2.3.4,RESOLVED,G2.3.4 (RO 0 / SRO 0),Admin | RO/SRO | 
wiki/exams/2016/jpm-sim-a-rod-operability-verification.md,001 A4.03 (4.0/3.7),001 A4.03,RESOLVED,001 A4.03 (RO 3.7 / SRO 3.7),Sim | RO/SRO | 
wiki/exams/2016/jpm-sim-b-containment-sump-blockage.md,G2.4.4 (4.5/4.7),G2.4.4,RESOLVED,G2.4.4 (RO 4.5 / SRO 4.7),Sim | RO/SRO | 
wiki/exams/2016/jpm-sim-c-isolate-eccs-accumulators.md,E09 EA1.1 (3.5/3.5),,UNPARSEABLE,,Sim | RO/SRO | 
wiki/exams/2016/jpm-sim-d-frhs-1-bleed-and-feed.md,EPE E05 EA1.1 (4.1/4.0),,UNPARSEABLE,,Sim | RO/SRO | 
wiki/exams/2016/jpm-sim-e-total-loss-of-service-water.md,076 A2.01 (3.5/3.7),076 A2.01,RESOLVED,076 A2.01 (RO 0 / SRO 0),Sim | RO/SRO | 
wiki/exams/2016/jpm-sim-f-prt-level-pressure-adjust.md,007 A4.04 (2.6/2.6),007 A4.04,RESOLVED,007 A4.04 (RO 3.2 / SRO 3.2),Sim | RO/SRO | 
wiki/exams/2016/jpm-sim-g-energize-4kv-bus-from-spt.md,EPE 055 EA1.07 (4.3/4.5),055 EA1.07,RESOLVED,055 EA1.07 (RO 4.1 / SRO 4.1),Sim | RO/SRO | 
wiki/exams/2016/jpm-sim-h-loss-of-control-air.md,APE 065 AA2.06 (3.6/4.2),065 AA2.06,RESOLVED,065 AA2.06 (RO 0 / SRO 0),Sim | RO/SRO | 
wiki/exams/2016/jpm-sro-a1a-cfcu-surveillance-review.md,G2.1.25 (4.2),G2.1.25,RESOLVED,G2.1.25 (RO 3.9 / SRO 4.2),Admin | RO/SRO | 
wiki/exams/2016/jpm-sro-a1b-spent-fuel-movement-equipment-oos.md,G2.1.42 (3.4),G2.1.42,RESOLVED,G2.1.42 (SRO 3.4),Admin | SRO | 
wiki/exams/2016/jpm-sro-a2-shutdown-margin-review.md,G2.2.12 (4.1),G2.2.12,RESOLVED,G2.2.12 (RO 3.7 / SRO 4.1),Admin | SRO | 
wiki/exams/2016/jpm-sro-a3-effluent-monitor-failure-release-actions.md,G2.3.11 (4.3),G2.3.11,RESOLVED,G2.3.11 (RO 3.8 / SRO 4.3),Admin | SRO | 
wiki/exams/2016/jpm-sro-a4-esg1-classify-event-icmf.md,G2.4.41 (4.6),G2.4.41,RESOLVED,G2.4.41 (SRO 4.6),Admin | SRO | 
wiki/exams/2016/jpm-sro-a4-esg2-classify-event-icmf.md,G2.4.41 (4.6),G2.4.41,RESOLVED,G2.4.41 (SRO 4.6),Admin | SRO | 
wiki/exams/2016/q01-vct-auto-makeup-rod-withdrawal.md,000001 A2.02 (4.2),001 A2.02,RESOLVED,001 A2.02 (RO 3.6 / SRO 3.9),
wiki/exams/2016/q02-rod-control-failure-single-rod-drop.md,000003 K2.05 (2.5),003 K2.05,RESOLVED,003 K2.05 (RO 0 / SRO 0),
wiki/exams/2016/q03-rtb-failure-manual-actions-after-rdmg-trip.md,000007 K2.02 (2.6),007 K2.02,NUMBER_NOT_IN_CATALOG,,
wiki/exams/2016/q04-loca-1-major-action-categories-secondary-break.md,000009 G4.18 (3.3),,UNPARSEABLE,,
wiki/exams/2016/q05-loca-3-no-ccw-single-train-recirc.md,000011 EA2.03 (3.7),011 EA2.03,RESOLVED,011 EA2.03 (RO 3.1 / SRO 3.4),
wiki/exams/2016/q06-rcp-1-seal-failure-unexpected-indication.md,000015 K2.10 (2.8),015 K2.10,NUMBER_NOT_IN_CATALOG,,
wiki/exams/2016/q07-mfc-auto-after-pzr-channel-failure.md,000022 K1.03 (3.0),022 K1.03,RESOLVED,022 K1.03 (RO 1.9 / SRO 1.9),
wiki/exams/2016/q08-eop-trip-2-stuck-rod-boration-times.md,000024 K3.02 (4.2),024 K3.02,NUMBER_NOT_IN_CATALOG,,
wiki/exams/2016/q09-rh25-relief-lift-oha-c2.md,000025 G2.4.46 (4.2),G2.4.46,RESOLVED,G2.4.46 (RO 4.2 / SRO 4.2),
wiki/exams/2016/q10-ccw-phase-a-excess-letdown-isolation.md,000026 K3.02 (3.6),026 K3.02,RESOLVED,026 K3.02 (RO 0 / SRO 0),
wiki/exams/2016/q100-shutdown-loca-cooldown-charging-step-change.md,194001G2.4.9 2.4.9 (4.2),G2.4.9,RESOLVED,G2.4.9 (RO 0 / SRO 0),
wiki/exams/2016/q11-porv-stop-valves-closed-leak-id.md,000027 K3.03 (3.7),027 K3.03,NUMBER_NOT_IN_CATALOG,,
wiki/exams/2016/q12-atws-rps-output-failure-rtb-trip.md,000029 K2.06 (2.9),029 K2.06,NUMBER_NOT_IN_CATALOG,,
wiki/exams/2016/q13-1n35-level-trip-bypass-oha-e29.md,000033 A1.02 (3.0),033 A1.02,RESOLVED,033 A1.02 (RO 3.5 / SRO 3.5),
wiki/exams/2016/q14-sgtl-first-indication-r53-main-steamline.md,000037 A1.06 (3.8),037 A1.06,NUMBER_NOT_IN_CATALOG,,
wiki/exams/2016/q15-sgtr-afw-flow-control-9-percent.md,000038 A1.44 (3.4),038 A1.44,NUMBER_NOT_IN_CATALOG,,
wiki/exams/2016/q16-mslr-rcs-cooldown-rate.md,000040 K1.02 (3.2),040 K1.02,NUMBER_NOT_IN_CATALOG,,
wiki/exams/2016/q17-loss-of-mfw-unexpected-alarm-prioritization.md,000054 G4.45 (4.1),,UNPARSEABLE,,
wiki/exams/2016/q18-sbo-deenergize-secs-prior-to-bus-energization.md,000055 EA2.03 (3.9),055 EA2.03,RESOLVED,055 EA2.03 (RO 0 / SRO 0),
wiki/exams/2016/q19-loop-during-si-pump-ist-neither-si-runs.md,000056 A2.03 (3.8),056 A2.03,RESOLVED,056 A2.03 (RO 2.6 / SRO 2.7),
wiki/exams/2016/q20-loss-of-2a-vib-afw-af21-fail-closed.md,000057 AA1.06 (3.5),057 AA1.06,RESOLVED,057 AA1.06 (RO 3.8 / SRO 3.8),
wiki/exams/2016/q21-frcc-1-pzr-porvs-after-rcp-restart-1200f.md,000074 K2.02 (3.9),074 K2.02,NUMBER_NOT_IN_CATALOG,,
wiki/exams/2016/q22-loca-6-sj49-leak-isolation-success-indication.md,00WE04A101 EA1.1 (4.0),WE04 EA1.01,NUMBER_NOT_IN_CATALOG,,
wiki/exams/2016/q23-frhs-1-bleed-feed-second-porv-fails-to-open.md,00WE05K301 EK3.1 (3.4),WE05 EK3.01,NUMBER_NOT_IN_CATALOG,,
wiki/exams/2016/q24-frts-1-si-termination-rcp-restart-pts.md,00WE08K101 EK1.1 (3.5),WE08 EK1.01,NUMBER_NOT_IN_CATALOG,,
wiki/exams/2016/q25-trip-6-rapid-cooldown-rvlis-minimum-level.md,00WE10K303 EK3.3 (3.4),WE10 EK3.03,NUMBER_NOT_IN_CATALOG,,
wiki/exams/2016/q26-loca-5-step-9-cs-pumps-rwst-level.md,00WE11K102 EK1.2 (3.6),WE11 EK1.02,NUMBER_NOT_IN_CATALOG,,
wiki/exams/2016/q27-frce-1-rcp-trip-basis.md,00WE14K102 EK1.2 (3.2),WE14 EK1.02,NUMBER_NOT_IN_CATALOG,,
wiki/exams/2016/q28-rcp-trip-mode-2-tech-spec-action.md,003000G222 2.2.22 (4.0),G2.2.22,RESOLVED,G2.2.22 (RO 4 / SRO 4.7),
wiki/exams/2016/q29-cvcs-makeup-mode-start-pb-not-depressed.md,004000K404 K4.04 (3.2),004 K4.04,RESOLVED,004 K4.04 (RO 3.5 / SRO 3.5),
wiki/exams/2016/q30-vct-pressure-rise-charging-flow-effect.md,004000K526 K5.26 (3.1),004 K5.26,RESOLVED,004 K5.26 (RO 3.5 / SRO 3.5),
wiki/exams/2016/q31-rhr-sdc-temp-rise-bypass-throttled-open.md,005000A102 A1.02 (3.3),005 A1.02,RESOLVED,005 A1.02 (RO 3.8 / SRO 3.8),
wiki/exams/2016/q32-eccs-injection-flow-11-si-pump-1600-psig.md,006000A117 A1.17 (4.2),006 A1.17,RESOLVED,006 A1.17 (RO 4 / SRO 4),
wiki/exams/2016/q33-loca-3-21sj44-fails-cold-leg-recirc-alignment.md,006000K301 K3.01 (4.1),006 K3.01,RESOLVED,006 K3.01 (RO 4.1 / SRO 4.1),
wiki/exams/2016/q34-prt-vent-valve-2pr15-shut-signal-10-psig.md,007000A404 A4.04 (2.6*),007 A4.04,RESOLVED,007 A4.04 (RO 3.2 / SRO 3.2),
wiki/exams/2016/q35-ccw-pump-trip-21-auto-start-70-psig.md,008000K401 K4.01 (3.1),008 K4.01,RESOLVED,008 K4.01 (RO 0 / SRO 0),
wiki/exams/2016/q36-pzr-spray-valve-fails-open-4-percent-low-pressure-si.md,010000A202 A2.02 (3.9),010 A2.02,RESOLVED,010 A2.02 (RO 4.5 / SRO 3.8),
wiki/exams/2016/q37-letdown-orifice-iso-valves-cv7-not-interlocked.md,011000A405 A4.05 (3.2),011 A4.05,RESOLVED,011 A4.05 (RO 3.6 / SRO 3.6),
wiki/exams/2016/q38-block-power-range-pushbuttons-12-percent-blocks-low-rx-trip.md,012000A101 A1.01 (2.9*),012 A1.01,RESOLVED,012 A1.01 (RO 3.5 / SRO 3.5),
wiki/exams/2016/q39-secs-block-failure-power-supplies-deenergize-to-start.md,013000K201 K2.01 (3.6),013 K2.01,RESOLVED,013 K2.01 (RO 4 / SRO 4),
wiki/exams/2016/q40-2n36-under-compensated-manually-energize-source-range.md,015000A202 A2.02 (3.1),015 A2.02,RESOLVED,015 A2.02 (RO 3.5 / SRO 3.6),
wiki/exams/2016/q41-cfcu-mode-1-sec-stop-then-start-low-speed.md,022000 A3.01 (4.1),022 A3.01,RESOLVED,022 A3.01 (RO 4.2 / SRO 4.2),
wiki/exams/2016/q42-cfcu-sw-flow-same-low-high-speed-sw223-mechanical-stop.md,022000 K1.01 (3.5),022 K1.01,RESOLVED,022 K1.01 (RO 3.6 / SRO 3.6),
wiki/exams/2016/q43-cs-hi-hi-after-sec-reset-valves-realign-pumps-manual.md,026000 A3.01 (4.3),026 A3.01,RESOLVED,026 A3.01 (RO 4.1 / SRO 4.1),
wiki/exams/2016/q44-reset-spray-actuation-pushbuttons-cs-pump-stop-criteria.md,026000 A4.05 (3.5),026 A4.05,RESOLVED,026 A4.05 (RO 4 / SRO 4),
wiki/exams/2016/q45-hydrogen-recombiner-12-only-1a-vital-bus-locked-out.md,028000 K2.01 (2.5*),028 K2.01,RESOLVED,028 K2.01 (RO 2.4 / SRO 2.4),
wiki/exams/2016/q46-sfp-makeup-rwst-least-preferred.md,033000 K1.05 (2.7*),033 K1.05,RESOLVED,033 K1.05 (RO 0 / SRO 0),
wiki/exams/2016/q47-fuel-handling-crane-load-cutoff-2200-lbs.md,034000 A3.02 (2.5*),034 A3.02,RESOLVED,034 A3.02 (RO 2.9 / SRO 2.9),
wiki/exams/2016/q48-sg-nr-level-program-startup-turbine-power.md,035000 A1.01 (3.6),035 A1.01,RESOLVED,035 A1.01 (RO 4.1 / SRO 4.1),
wiki/exams/2016/q49-steam-leak-rx-power-rise-poah-stabilize.md,039000 K5.08 (3.6),039 K5.08,RESOLVED,039 K5.08 (RO 4 / SRO 4),
wiki/exams/2016/q50-mt-trip-46-percent-no-rx-trip-tavg-stabilizes.md,045000 K3.01 (2.8),045 K3.01,RESOLVED,045 K3.01 (RO 0 / SRO 0),
wiki/exams/2016/q51-fw-isolation-67-percent-no-afw-auto-start.md,059000 A2.01 (3.4),059 A2.01,RESOLVED,059 A2.01 (RO 4 / SRO 4.1),
wiki/exams/2016/q52-fw-interlock-prevents-overcooling-uncomplicated-rx-trip.md,059000 K1.05 (3.1),059 K1.05,RESOLVED,059 K1.05 (RO 3.6 / SRO 3.6),
wiki/exams/2016/q53-21-23af141-auto-vent-rlse-fill-alternate-suction.md,061000 K5.05 (2.7),061 K5.05,RESOLVED,061 K5.05 (RO 3.4 / SRO 3.4),
wiki/exams/2016/q54-pressure-override-removed-af21-open-to-current-demand.md,061000 K6.01 (2.5),061 K6.01,RESOLVED,061 K6.01 (RO 3.9 / SRO 3.9),
wiki/exams/2016/q55-24spt-3600v-2b-bus-edg-blackout-loading.md,062000 K3.02 (4.1),062 K3.02,RESOLVED,062 K3.02 (RO 4.4 / SRO 4.4),
wiki/exams/2016/q56-1a-28-vdc-bus-deenergized-1rp4-indication-lost.md,063000 K3.02 (3.5),063 K3.02,RESOLVED,063 K3.02 (RO 4 / SRO 4),
wiki/exams/2016/q57-edg-fuel-oil-day-tank-transfer-pumps-recovering-level.md,064000 K1.03 (3.6),064 K1.03,RESOLVED,064 K1.03 (RO 0 / SRO 0),
wiki/exams/2016/q58-1a-edg-air-start-attempts-after-trip-with-11a-11b-ct.md,064000 K6.07 (2.7),064 K6.07,RESOLVED,064 K6.07 (RO 3.9 / SRO 3.9),
wiki/exams/2016/q59-21-cvcs-mt-release-2r18-alarm-2wl51-open-nco-shut.md,068000 K6.10 (2.5),068 K6.10,RESOLVED,068 K6.10 (RO 3.4 / SRO 3.4),
wiki/exams/2016/q60-process-rad-monitor-source-check-30-seconds-solenoid.md,073000 G2.1.32 (3.8),G2.1.32,RESOLVED,G2.1.32 (RO 3.8 / SRO 4),
wiki/exams/2016/q61-sw-header-low-pressure-alarm-and-auto-start-setpoints.md,076000 K4.02 (RO 2.9),076 K4.02,RESOLVED,076 K4.02 (RO 3.8 / SRO 3.8),
wiki/exams/2016/q62-ecac-power-supply-2c-460v-bus.md,078000 K2.02 (RO 3.3*),078 K2.02,RESOLVED,078 K2.02 (RO 3.4 / SRO 3.4),
wiki/exams/2016/q63-sbo-compressor-station-blackout-control-air.md,079000 K4.01 (RO 2.9),079 K4.01,NUMBER_NOT_IN_CATALOG,,
wiki/exams/2016/q64-edg-co2-fire-suppression-manual-activation.md,086000 K5.04 (RO 2.9),086 K5.04,RESOLVED,086 K5.04 (RO 3.4 / SRO 3.4),
wiki/exams/2016/q65-ss94-wont-open-phase-a-not-reset.md,103000 A4.04 (RO 3.5*),103 A4.04,RESOLVED,103 A4.04 (RO 0 / SRO 0),
wiki/exams/2016/q66-oha-single-red-tape-status.md,194001G101 (3.8),,UNPARSEABLE,,
wiki/exams/2016/q67-power-ascension-dilution-before-load.md,194001G102 (4.1),,UNPARSEABLE,,
wiki/exams/2016/q68-suspend-fuel-movement-cav-recirc-mode.md,194001G140 (2.8),,UNPARSEABLE,,
wiki/exams/2016/q69-mode-2-entry-control-bank-a.md,194001G235 (3.6),,UNPARSEABLE,,
wiki/exams/2016/q70-afd-penalty-minutes-50-percent-reduction.md,194001G239 (3.9),,UNPARSEABLE,,
wiki/exams/2016/q71-emergency-tede-dose-extension-alert.md,194001G304 (3.2),,UNPARSEABLE,,
wiki/exams/2016/q72-containment-entry-rps-approval-power-change.md,194001G313 (3.4),,UNPARSEABLE,,
wiki/exams/2016/q73-eop-loca-5-entry-conditions-rwst-low.md,194001G404 (4.5),,UNPARSEABLE,,
wiki/exams/2016/q74-aop-reentry-after-eop-trip-1.md,194001G411 (4.0),,UNPARSEABLE,,
wiki/exams/2016/q75-loss-of-all-oha-control-room-response.md,194001G432 (3.6),,UNPARSEABLE,,
wiki/exams/2016/q76-trip-2-pressure-override-failure-frhs-1-bleed-feed.md,000007 A2.02 (SRO 4.6),007 A2.02,RESOLVED,007 A2.02 (RO 3.6 / SRO 3.1),
wiki/exams/2016/q77-mode-3-rcp-trip-tech-spec-loops-bases.md,000015 G2.2.37 (SRO 4.6),G2.2.37,RESOLVED,G2.2.37 (SRO 4.6),
wiki/exams/2016/q78-atws-4-percent-mode-2-trip-2-vs-frsm-1.md,000029 G2.2.44 (SRO 4.4),G2.2.44,RESOLVED,G2.2.44 (RO 4.2 / SRO 4.4),
wiki/exams/2016/q79-sgtr-water-solid-continue-sgtr-1-terminate-si.md,000037 AA2.14 (SRO 4.4),037 AA2.14,RESOLVED,037 AA2.14 (RO 3.9 / SRO 3.8),
wiki/exams/2016/q80-sfp-manipulations-21-fhb-supply-fan-inlet-damper-air-loss.md,000065 G2.1.42 (SRO 3.4),G2.1.42,RESOLVED,G2.1.42 (SRO 3.4),
wiki/exams/2016/q81-loca-ecg-classification-rcs-and-containment-barrier-loss.md,000069G441 2.4.41 (SRO 4.6),G2.4.41,RESOLVED,G2.4.41 (SRO 4.6),
wiki/exams/2016/q82-loca-2-step-19-1-rno-step-34-bypass-pump-reduction.md,00WE03A201 EA2.1 (SRO 4.2),WE03 EA2.01,NUMBER_NOT_IN_CATALOG,,
wiki/exams/2016/q83-mslb-pre-sync-cfst-frts-1-purple-vs-frsm-2-yellow.md,00WE03G406 2.4.6 (SRO 4.7),G2.4.6,RESOLVED,G2.4.6 (RO 3.7 / SRO 4.7),
wiki/exams/2016/q84-loca-5-rcs-cooldown-tech-spec-limit-no-rhr-no-loca-3-cas.md,00WE11A202 EA2.2 (SRO 4.2),WE11 EA2.02,NUMBER_NOT_IN_CATALOG,,
wiki/exams/2016/q85-mslb-mixing-bottle-losc-2-cas-after-step-20-go-to-losc-1.md,00WE12A201 EA2.1 (SRO 4.0),WE12 EA2.01,NUMBER_NOT_IN_CATALOG,,
wiki/exams/2016/q86-rcs-specific-activity-de-i-131-action-time.md,002000G225 2.2.25 (4.2),G2.2.25,RESOLVED,G2.2.25 (SRO 4.2),
wiki/exams/2016/q87-eop-loca-2-accumulator-isolation-criteria.md,006000A212 A2.12 (4.8),006 A2.12,RESOLVED,006 A2.12 (RO 4.1 / SRO 4.5),
wiki/exams/2016/q88-fhb-fuel-handling-incident-2r5-charcoal-filter-swap.md,034000A201 A2.01 (4.4),034 A2.01,RESOLVED,034 A2.01 (RO 4 / SRO 3.6),
wiki/exams/2016/q89-condensate-pump-trip-21a-condenser-level-rise-cn108-bypass.md,056000A204 A2.04 (2.8),056 A2.04,RESOLVED,056 A2.04 (RO 4 / SRO 3.7),
wiki/exams/2016/q90-loss-of-control-air-7-percent-23-afw-2ms132-fail-open.md,061000A207 A2.07 (3.5),061 A2.07,RESOLVED,061 A2.07 (RO 4 / SRO 3.5),
wiki/exams/2016/q91-2a-edg-missed-monthly-surveillance-sr-402-25-percent-extension.md,064000G2.40 2.2.40 (4.7),G2.2.40,RESOLVED,G2.2.40 (RO 3.4 / SRO 4.7),
wiki/exams/2016/q92-23-sw-pump-trip-2a-edg-bus-differential-loss-of-all-sw.md,076000A2.01 A2.01 (3.7),076 A2.01,RESOLVED,076 A2.01 (RO 0 / SRO 0),
wiki/exams/2016/q93-containment-purge-reinstatement-cvi-signal-short-duration.md,103000G2.1.23 2.1.23 (4.4),G2.1.23,RESOLVED,G2.1.23 (RO 4.3 / SRO 4.4),
wiki/exams/2016/q94-spent-fuel-pool-manipulations-sro-supervision-requirements.md,194001G2.1.35 2.1.35 (3.9),G2.1.35,RESOLVED,G2.1.35 (SRO 3.9),
wiki/exams/2016/q95-mode-6-entry-defueled-to-refueling-first-fuel-assembly-lowered.md,194001G2.1.36 2.1.36 (4.1),G2.1.36,RESOLVED,G2.1.36 (RO 3 / SRO 4.1),
wiki/exams/2016/q96-tech-spec-action-times-hot-standby-by-1900.md,194001G2.2.22 2.2.22 (4.7),G2.2.22,RESOLVED,G2.2.22 (RO 4 / SRO 4.7),
wiki/exams/2016/q97-mode-4-charging-pump-suction-eccs-operability.md,194001G2.2.37 2.2.37 (4.6),G2.2.37,RESOLVED,G2.2.37 (SRO 4.6),
wiki/exams/2016/q98-14-wgdt-release-allowed-concurrent-activities.md,194001G2.3.11 2.3.11 (4.3),G2.3.11,RESOLVED,G2.3.11 (RO 3.8 / SRO 4.3),
wiki/exams/2016/q99-frcc-2-frts-1-priority-cfst-transition.md,194001G2.4.4 2.4.4 (4.7),G2.4.4,RESOLVED,G2.4.4 (RO 4.5 / SRO 4.7),
wiki/exams/2018/jpm-ip-i-shed-dc-loads-lopa1.md,EPE 055 EA1.04 (3.5/3.9),055 EA1.04,RESOLVED,055 EA1.04 (RO 4 / SRO 4),In-Plant | RO/SRO | 
wiki/exams/2018/jpm-ip-j-local-trip-breakers-cr-evac.md,012 A4.06 (4.3/4.3),012 A4.06,RESOLVED,012 A4.06 (RO 4.2 / SRO 4.2),In-Plant | RO/SRO | 
wiki/exams/2018/jpm-ip-k-radioactive-liquid-release.md,068 A2.04 (3.3/3.3),068 A2.04,RESOLVED,068 A2.04 (RO 3.3 / SRO 3.8),In-Plant | RO/SRO | 
wiki/exams/2018/jpm-ro-a1-manual-afd-calculation.md,G2.1.25 (3.9),G2.1.25,RESOLVED,G2.1.25 (RO 3.9 / SRO 4.2),Admin | RO/SRO | 
wiki/exams/2018/jpm-ro-a2-rct-channel-check.md,G2.1.18 (3.6),G2.1.18,RESOLVED,G2.1.18 (RO 3.6 / SRO 3.8),Admin | RO/SRO | 
wiki/exams/2018/jpm-ro-a3-manual-qptr-calculation.md,Alternate Path,,UNPARSEABLE,,Admin | RO/SRO | G2.1.43 (4.1) | 
wiki/exams/2018/jpm-ro-a4-erds-activation.md,G2.4.43 (3.2),G2.4.43,RESOLVED,G2.4.43 (RO 3.2 / SRO 3.8),Admin | RO/SRO | 
wiki/exams/2018/jpm-sim-a-loss-crd-vent-fans.md,001A2.01 (3.1/3.7),001 A2.01,RESOLVED,001 A2.01 (RO 3.3 / SRO 3.3),Simulator | RO/SRO | 
wiki/exams/2018/jpm-sim-b-manual-makeup-vct.md,004 A4.04 (3.2/3.6),004 A4.04,RESOLVED,004 A4.04 (RO 3.6 / SRO 3.6),Sim | RO/SRO | 
wiki/exams/2018/jpm-sim-c-isolate-eccs-accumulators.md,006 A1.13 (3.5/3.7),006 A1.13,RESOLVED,006 A1.13 (RO 3.5 / SRO 3.5),Sim | RO/SRO | 
wiki/exams/2018/jpm-sim-d-bleed-feed-reactor-head-vents.md,002 A2.04 (4.3/4.6),002 A2.04,RESOLVED,002 A2.04 (RO 4.5 / SRO 4.5),Sim | RO/SRO | 
wiki/exams/2018/jpm-sim-e-synchronize-generator.md,045 A4.02 (2.7/2.6),045 A4.02,RESOLVED,045 A4.02 (RO 3.5 / SRO 3.5),Sim | RO/SRO | 
wiki/exams/2018/jpm-sim-f-cfcu-surveillance.md,022 A1.04 (3.2/3.3),022 A1.04,RESOLVED,022 A1.04 (RO 3.3 / SRO 3.3),Sim | RO/SRO | 
wiki/exams/2018/jpm-sim-g-4kv-group-bus-transfer-malfunction.md,062 A2.04 (3.1/3.4),062 A2.04,RESOLVED,062 A2.04 (RO 0 / SRO 0),Sim | RO/SRO | 
wiki/exams/2018/jpm-sim-h-start-ccw-pump-eop-appx1.md,008 A2.01 (3.3/3.6),008 A2.01,RESOLVED,008 A2.01 (RO 4.3 / SRO 4),Sim | RO/SRO | 
wiki/exams/2018/jpm-sro-a1-chill-water-heat-load-isolation.md,G2.1.25 (4.2),G2.1.25,RESOLVED,G2.1.25 (RO 3.9 / SRO 4.2),Admin | SRO | 
wiki/exams/2018/jpm-sro-a2-heat-stress-requirements.md,G2.1.26 (3.6),G2.1.26,RESOLVED,G2.1.26 (RO 0 / SRO 0),Admin | SRO | 
wiki/exams/2018/jpm-sro-a3-tagging-request-tech-specs.md,G2.2.13 (4.3),G2.2.13,RESOLVED,G2.2.13 (RO 4.1 / SRO 4.3),Admin | SRO | 
wiki/exams/2018/jpm-sro-a4-gas-release-authorization.md,G2.3.6 (3.8),G2.3.6,RESOLVED,G2.3.6 (RO 2 / SRO 3.8),Admin | SRO | 
wiki/exams/2018/jpm-sro-a5-event-classification-icmf.md,G2.4.41 (4.6),G2.4.41,RESOLVED,G2.4.41 (SRO 4.6),Admin | SRO | 
wiki/exams/2018/q1-rcp-shaft-shear.md,003 RCPS-K3.01 (3.7),003 K3.01,RESOLVED,003 K3.01 (RO 4.2 / SRO 4.2),
wiki/exams/2018/q10-rps-pzr-press-channel-failure.md,012 RPS-K4.05 (2.7),012 K4.05,RESOLVED,012 K4.05 (RO 3.7 / SRO 3.7),
wiki/exams/2018/q11-rcp-undervoltage-trip.md,013 ESFAS-K1.02 (3.2),013 K1.02,RESOLVED,013 K1.02 (RO 3.5 / SRO 3.5),
wiki/exams/2018/q12-containment-cooling-dba.md,022 CCS-A1.03 (3.2),022 A1.03,RESOLVED,022 A1.03 (RO 3.2 / SRO 3.2),
wiki/exams/2018/q13-containment-spray-naoh.md,026 CSS-G2.1.27 (3.9),G2.1.27,RESOLVED,G2.1.27 (RO 3.9 / SRO 4),
wiki/exams/2018/q14-containment-spray-pump-power.md,026 CSS-K2.01 (3.4),026 K2.01,RESOLVED,026 K2.01 (RO 3.9 / SRO 3.9),
wiki/exams/2018/q15-sg-tube-leak-ms10-setpoint.md,039 MRSS-G2.2.2 (4.6),G2.2.2,RESOLVED,G2.2.2 (RO 4.6 / SRO 4.1),
wiki/exams/2018/q16-main-steam-warmup-msiv.md,039 MRSS-K5.01 (2.9),039 K5.01,RESOLVED,039 K5.01 (RO 3.5 / SRO 3.5),
wiki/exams/2018/q17-sgfp-suction-pressure-trip.md,059 MFW-A1.03 (2.7),059 A1.03,RESOLVED,059 A1.03 (RO 0 / SRO 0),
wiki/exams/2018/q18-afw-backleakage.md,061 AFW-A2.06 (2.7),061 A2.06,RESOLVED,061 A2.06 (RO 2.7 / SRO 3),
wiki/exams/2018/q19-4kv-spt-failure-transfer.md,062 AC Dist-A1.03 (2.5),062 A1.03,RESOLVED,062 A1.03 (RO 3.5 / SRO 3.5),
wiki/exams/2018/q2-mixed-bed-demin-malfunction.md,004 CVCS-K6.20 (2.5),004 K6.20,RESOLVED,004 K6.20 (RO 0 / SRO 0),
wiki/exams/2018/q20-250vdc-loads.md,063 DC Dist-K2.01 (2.9),063 K2.01,RESOLVED,063 K2.01 (RO 3.5 / SRO 3.5),
wiki/exams/2018/q21-edg-ts-3812-shutdown.md,064 ED/G-G2.2.22 (4.0),G2.2.22,RESOLVED,G2.2.22 (RO 4 / SRO 4.7),
wiki/exams/2018/q22-edg-failure-eccs-load-status.md,064 ED/G-K3.02 (4.2),064 K3.02,RESOLVED,064 K3.02 (RO 4.3 / SRO 4.3),
wiki/exams/2018/q23-r19-sgbd-warning-unit-difference.md,073 PRM-K4.01 (4.0),073 K4.01,RESOLVED,073 K4.01 (RO 3.9 / SRO 3.9),
wiki/exams/2018/q24-sw-nuclear-header-leak-isolation.md,076 SWS-A2.02 (2.7),076 A2.02,RESOLVED,076 A2.02 (RO 0 / SRO 0),
wiki/exams/2018/q25-control-air-ca330-porv-accumulators.md,078 IAS-K3.01 (3.1),078 K3.01,RESOLVED,078 K3.01 (RO 3.2 / SRO 3.2),
wiki/exams/2018/q26-ecac-auto-start-manual-start.md,078 IAS-A4.01 (3.1),078 A4.01,RESOLVED,078 A4.01 (RO 0 / SRO 0),
wiki/exams/2018/q27-cfcu-sec-mode-1-response.md,103 Containment-K1.01 (3.6),103 K1.01,RESOLVED,103 K1.01 (RO 3.7 / SRO 3.7),
wiki/exams/2018/q28-cvcs-phase-a-isolation.md,103 Containment-A3.01 (3.9),103 A3.01,RESOLVED,103 A3.01 (RO 4.2 / SRO 4.2),
wiki/exams/2018/q29-charging-pump-power-supplies.md,011 PZR Level Control-K2.01 (3.1),011 K2.01,RESOLVED,011 K2.01 (RO 0 / SRO 0),
wiki/exams/2018/q3-rhr-suction-discharge-alignment.md,005 RHRS-K1.09 (3.6),005 K1.09,RESOLVED,005 K1.09 (RO 4.4 / SRO 4.4),
wiki/exams/2018/q30-dropped-rod-withdrawal-speed.md,014 RPIS-A4.02 (3.4),014 A4.02,RESOLVED,014 A4.02 (RO 0 / SRO 0),
wiki/exams/2018/q31-cvcs-auto-makeup-cv179-failure.md,015 NIS-A3.05 (2.6),015 A3.05,RESOLVED,015 A3.05 (RO 3.1 / SRO 3.1),
wiki/exams/2018/q32-containment-internal-pressure-ts-3614.md,029 CPS-A2.01 (2.9),029 A2.01,RESOLVED,029 A2.01 (RO 2.3 / SRO 2.8),
wiki/exams/2018/q33-sfp-routine-makeup-sources.md,033 SFPCS-K4.01 (2.9),033 K4.01,RESOLVED,033 K4.01 (RO 3.6 / SRO 3.6),
wiki/exams/2018/q34-fuel-transfer-cart-interlocks.md,034 FHES-A1.02 (2.9),034 A1.02,RESOLVED,034 A1.02 (RO 3.6 / SRO 3.6),
wiki/exams/2018/q35-steam-dump-load-rejection-controller.md,041 SDS-K6.03 (2.7),041 K6.03,RESOLVED,041 K6.03 (RO 3.2 / SRO 3.2),
wiki/exams/2018/q36-condenser-vacuum-seal-water-temp.md,055 CARS-K3.01 (2.5),055 K3.01,RESOLVED,055 K3.01 (RO 3.8 / SRO 3.8),
wiki/exams/2018/q37-condensate-lp-heater-bypass.md,056 Condensate-G2.1.30 (4.4),G2.1.30,RESOLVED,G2.1.30 (RO 4.4 / SRO 4),
wiki/exams/2018/q38-rcdt-waste-gas-compressor-header.md,068 LRS-K1.02 (2.5),068 K1.02,RESOLVED,068 K1.02 (RO 2.8 / SRO 2.8),
wiki/exams/2018/q39-mode-2-entry-iop-0003.md,G2.1.18 (3.6),G2.1.18,RESOLVED,G2.1.18 (RO 3.6 / SRO 3.8),
wiki/exams/2018/q4-cold-leg-recirc-sj44-failure.md,006 ECCS-K6.05 (3.0),006 K6.05,RESOLVED,006 K6.05 (RO 3.6 / SRO 3.6),
wiki/exams/2018/q40-vct-level-lt112-failure.md,G2.1.28 (4.1),G2.1.28,RESOLVED,G2.1.28 (RO 4.1 / SRO 4.1),
wiki/exams/2018/q41-rod-position-after-downpower.md,G2.1.43 (4.1),G2.1.43,RESOLVED,G2.1.43 (RO 4.1 / SRO 4.3),
wiki/exams/2018/q42-edg-load-test-values.md,G2.2.21 (2.9),G2.2.21,RESOLVED,G2.2.21 (RO 2.9 / SRO 4.1),
wiki/exams/2018/q43-rcs-safety-limit-pressure.md,G2.2.38 (3.6),G2.2.38,RESOLVED,G2.2.38 (RO 3.6 / SRO 4.5),
wiki/exams/2018/q44-high-radiation-area-dosimetry.md,G2.3.7 (3.6),G2.3.7,RESOLVED,G2.3.7 (RO 0 / SRO 0),
wiki/exams/2018/q45-lhra-controls.md,G2.3.13 (3.4),G2.3.13,RESOLVED,G2.3.13 (RO 0 / SRO 0),
wiki/exams/2018/q46-control-room-ventilation-rad-monitor.md,G2.3.14 (3.4),G2.3.14,RESOLVED,G2.3.14 (SRO 3.8),
wiki/exams/2018/q47-csf-priority-and-monitoring.md,G2.4.23 (3.6),G2.4.23,RESOLVED,G2.4.23 (RO 3.4 / SRO 4.4),
wiki/exams/2018/q48-eccs-flow-evaluation.md,G2.4.47 (4.2),G2.4.47,RESOLVED,G2.4.47 (RO 4.2 / SRO 4.2),
wiki/exams/2018/q49-trip-1-immediate-actions.md,EPE: 007 EK2.02 (2.6),007 EK2.02,RESOLVED,007 EK2.02 (RO 0 / SRO 0),
wiki/exams/2018/q5-si-actuation-pzr-heaters.md,006 ECCS-K6.05 / EA4.09 (4.1),006 EA4.09,NUMBER_NOT_IN_CATALOG,,
wiki/exams/2018/q50-natural-circulation-monitoring.md,EPE: 011 EK1.01 (4.1),011 EK1.01,RESOLVED,011 EK1.01 (RO 4.2 / SRO 4.2),
wiki/exams/2018/q51-rcp-vibration-lco-3412.md,APE: 015/017 RCP Malfunctions-G2.2.42 (3.9),G2.2.42,RESOLVED,G2.2.42 (RO 3.9 / SRO 4.6),
wiki/exams/2018/q52-cvcs-charging-line-leak.md,APE: 022 Loss of Rx Coolant Makeup-AA2.01 (3.2),022 AA2.01,RESOLVED,022 AA2.01 (RO 3.3 / SRO 3.8),
wiki/exams/2018/q53-rhr-reduced-inventory-rwst-gravity.md,025 Loss of RHRS-AK3.01 (3.1),025 AK3.01,RESOLVED,025 AK3.01 (RO 3.8 / SRO 3.8),
wiki/exams/2018/q54-ccw-leak-location-chlorides.md,APE: 026 Loss of CCW-AA2.01 (3.1),026 AA2.01,RESOLVED,026 AA2.01 (RO 3.4 / SRO 3.5),
wiki/exams/2018/q55-pzr-pressure-channel-fail-high-porv.md,027 PZR PCS Malfunction-AK2.03 (2.6),027 AK2.03,RESOLVED,027 AK2.03 (RO 0 / SRO 0),
wiki/exams/2018/q56-atws-frsm1-charging-pumps.md,EPE: 029 ATWS-EA1.01 (3.4),029 EA1.01,RESOLVED,029 EA1.01 (RO 0 / SRO 0),
wiki/exams/2018/q57-sgtr-si-termination-eccs-reestablish.md,EPE: 038 SGTR-EK3.09 (4.1),038 EK3.09,RESOLVED,038 EK3.09 (RO 4.1 / SRO 4.1),
wiki/exams/2018/q58-sgfp-trip-manual-load-reduction-rate.md,054 Loss of MFW-G2.4.49 (3.8),G2.4.49,RESOLVED,G2.4.49 (RO 4.6 / SRO 4.4),
wiki/exams/2018/q59-lopa1-sec-deenergize-rcp-seal-damage.md,EPE: 055 Station Blackout-EK3.02 (4.3),055 EK3.02,RESOLVED,055 EK3.02 (RO 4.2 / SRO 4.2),
wiki/exams/2018/q6-prt-cooling.md,007 PRTS-K4.01 (2.6),007 K4.01,RESOLVED,007 K4.01 (RO 2.9 / SRO 2.9),
wiki/exams/2018/q60-loop-edg-output-breaker-rhr-sec-mode.md,APE: 056 Loss of Offsite Power-AA2.54 (2.9),056 AA2.54,RESOLVED,056 AA2.54 (RO 3.2 / SRO 3.5),
wiki/exams/2018/q61-loss-of-control-air-ecac-trip.md,APE: 065 Loss of Instrument Air-G2.4.47 (4.2),G2.4.47,RESOLVED,G2.4.47 (RO 4.2 / SRO 4.2),
wiki/exams/2018/q62-grid-disturbance-smd-runback.md,APE: 077 Generator Voltage and Electric Grid Disturbances-AA1.02 (3.8),077 AA1.02,RESOLVED,077 AA1.02 (RO 3.6 / SRO 3.6),
wiki/exams/2018/q63-loca-outside-containment-rh19-isolation.md,EPE: LOCA Outside Containment-EA1.2 (3.6),,UNPARSEABLE,,
wiki/exams/2018/q64-frhs1-bleed-feed-eccs-requirements.md,W/E05 Loss of Secondary Heat Sink-EK2.2 (3.9),WE05 EK2.02,NUMBER_NOT_IN_CATALOG,,
wiki/exams/2018/q65-loca5-rcs-depress-upper-head-voiding.md,W/E11 Loss of Emergency Coolant Recirculation-EK1.1 (3.7),WE11 EK1.01,NUMBER_NOT_IN_CATALOG,,
wiki/exams/2018/q66-losc2-afw-steam-isolation-flow-control.md,W/E12 Uncontrolled Depressurization of all Steam Generators-EK1.1 (3.4),WE12 EK1.01,NUMBER_NOT_IN_CATALOG,,
wiki/exams/2018/q67-cr-evacuation-emergency-boration-cv55.md,APE: 024 Emergency Boration-G2.4.34 (4.2),G2.4.34,RESOLVED,G2.4.34 (RO 4.2),
wiki/exams/2018/q68-sg-tube-leak-letdown-si.md,APE: 037 Steam Generator (S/G) Tube Leak-AA1.07 (3.1),037 AA1.07,RESOLVED,037 AA1.07 (RO 3.4 / SRO 3.4),
wiki/exams/2018/q69-high-rcs-activity-charging-letdown.md,APE: 076 High Reactor Coolant Activity-AA2.02 (2.8),076 AA2.02,RESOLVED,076 AA2.02 (RO 0 / SRO 0),
wiki/exams/2018/q7-ccw-rad-monitor-surge-tank.md,008 CCWS-A2.04 (3.3),008 A2.04,RESOLVED,008 A2.04 (RO 2.7 / SRO 3.1),
wiki/exams/2018/q70-loca2-cooldown-rate-bypass-tavg.md,W/E03 LOCA Cooldown and Depressurization-EK2.1 (3.6),WE03 EK2.01,NUMBER_NOT_IN_CATALOG,,
wiki/exams/2018/q71-eop-frcc2-afwst-alarm-sg-feeding.md,E06 Degraded Core Cooling-EK1.3 (3.7),,UNPARSEABLE,,
wiki/exams/2018/q72-eop-frhs2-sg-overpressure-steam-release.md,W/E13 Steam Generator Overpressure-EK2.2 (3.0),WE13 EK2.02,NUMBER_NOT_IN_CATALOG,,
wiki/exams/2018/q73-eop-frce1-cs-pumps-with-loca5.md,W/E14 High Containment Pressure-EK3.2 (3.1),WE14 EK3.02,NUMBER_NOT_IN_CATALOG,,
wiki/exams/2018/q74-eop-frce2-containment-sump-cfcu-isolation.md,W/E15 Containment Flooding-EA1.2 (2.7),WE15 EA1.02,NUMBER_NOT_IN_CATALOG,,
wiki/exams/2018/q75-eop-frce3-containment-radiation-cfcu-speed.md,W/E16 High Containment Radiation-EK1.2 (2.7),WE16 EK1.02,NUMBER_NOT_IN_CATALOG,,
wiki/exams/2018/q76-eop-frci3-pzr-vapor-space-loca.md,APE: 008 PZR Vapor Space Accident-AA2.29 (4.2),008 AA2.29,RESOLVED,008 AA2.29 (RO 0 / SRO 0),
wiki/exams/2018/q77-eop-loca1-h2-recombiner-hot-leg-recirc-timing.md,EPE: 011 Large Break LOCA-G2.1.2 (4.4),G2.1.2,RESOLVED,G2.1.2 (RO 4.1 / SRO 4.4),
wiki/exams/2018/q78-ab-cn-0001-peer-checks-polisher-bypass.md,APE: 054 Loss of Main Feedwater (MFW)-G2.1.6 (4.8),G2.1.6,RESOLVED,G2.1.6 (SRO 4.8),
wiki/exams/2018/q79-ab-rcp-0001-seal-cooling-loss-nat-circ.md,015/017 RCP Malfunctions-AA2.10 (3.7),015 AA2.10,RESOLVED,015 AA2.10 (RO 3.4 / SRO 3.8),
wiki/exams/2018/q8-pzr-saturation-rcp-restart.md,010 PZR PCS-K5.01 (3.5),010 K5.01,RESOLVED,010 K5.01 (RO 3.6 / SRO 3.6),
wiki/exams/2018/q80-eop-frhs1-entry-conditions-return-to-procedure.md,W/E05-EA2.1 (4.4),WE05 EA2.01,NUMBER_NOT_IN_CATALOG,,
wiki/exams/2018/q81-loca-5-rwst-makeup-sg-level.md,W/E11 Loss of Emergency Coolant Recirculation-G2.1.9 (4.5),G2.1.9,RESOLVED,G2.1.9 (SRO 4.5),
wiki/exams/2018/q82-pzr-level-channel-fail-high-ts.md,028 PZR Level Control Malfunction-AA2.12 (3.5),028 AA2.12,RESOLVED,028 AA2.12 (RO 0 / SRO 0),
wiki/exams/2018/q83-gaseous-release-gdt-rad-monitor.md,060 Accidental Gaseous-Waste Release-AA2.04 (3.4),060 AA2.04,RESOLVED,060 AA2.04 (RO 0 / SRO 0),
wiki/exams/2018/q84-loss-of-rhr-containment-closure.md,APE: 069 Loss of Containment Integrity-G2.4.6 (4.7),G2.4.6,RESOLVED,G2.4.6 (RO 3.7 / SRO 4.7),
wiki/exams/2018/q85-high-containment-radiation-frce-3-yellow-path.md,W/E16 High Containment Radiation-G2.4.1 (4.7),G2.4.1,RESOLVED,G2.4.1 (RO 0 / SRO 0),
wiki/exams/2018/q86-accumulator-boron-lco-351-lco-303.md,006 ECCS-AA2.10 (3.9),006 AA2.10,NUMBER_NOT_IN_CATALOG,,
wiki/exams/2018/q87-loss-of-rhr-mode-5-rcs-inventory-loss.md,APE: 025 Loss of RHRS-AA2.02 (3.8),025 AA2.02,RESOLVED,025 AA2.02 (RO 3.6 / SRO 3.8),
wiki/exams/2018/q88-containment-spray-ts-3621-lco-303.md,025 Containment Spray-G2.2.40 (4.7),G2.2.40,RESOLVED,G2.2.40 (RO 3.4 / SRO 4.7),
wiki/exams/2018/q89-r12a-failure-ts-3331-rad-monitoring.md,073 PRM System-A2.01 (3.2),073 A2.01,RESOLVED,073 A2.01 (RO 3.9 / SRO 3.1),
wiki/exams/2018/q9-pzr-spray-porv-setpoints.md,010 PZR PCS-A3.02 (3.6),010 A3.02,RESOLVED,010 A3.02 (RO 0 / SRO 0),
wiki/exams/2018/q90-loss-of-control-air-bf19-eop-trip-concurrent.md,078 IAS-G2.2.15 (4.3),G2.2.15,RESOLVED,G2.2.15 (RO 3.9 / SRO 4.3),
wiki/exams/2018/q91-turbine-runback-rod-insertion-limit.md,045 MT/G-A2.12 (2.8),045 A2.12,RESOLVED,045 A2.12 (RO 3 / SRO 3.5),
wiki/exams/2018/q92-sfp-loss-of-cooling-makeup.md,033 SFPCS-G2.1.20 (4.6),G2.1.20,RESOLVED,G2.1.20 (RO 4.6 / SRO 4.6),
wiki/exams/2018/q93-loss-of-control-air-ecac-attachment-12.md,079 SAS-A2.01 (3.2),079 A2.01,NUMBER_NOT_IN_CATALOG,,
wiki/exams/2018/q94-nrc-license-maintenance-shift-hours.md,G2.1.4 (3.8),G2.1.4,RESOLVED,G2.1.4 (RO 3.3 / SRO 3.8),
wiki/exams/2018/q95-ccw-abnormality-rcp-brg-clg-wtr-flo-lo.md,G2.1.7 (4.7),G2.1.7,RESOLVED,G2.1.7 (RO 4.4 / SRO 4.7),
wiki/exams/2018/q96-sr-403-missed-surveillance-delay.md,G2.2.25 (4.2),G2.2.25,RESOLVED,G2.2.25 (SRO 4.2),
wiki/exams/2018/q97-lco-321-afd-power-reduction.md,G2.2.39 (4.5),G2.2.39,RESOLVED,G2.2.39 (RO 3.9 / SRO 4.5),
wiki/exams/2018/q98-trip-1-atws-frsm1-transition.md,G2.4.21 (4.6),G2.4.21,RESOLVED,G2.4.21 (RO 4 / SRO 4.6),
wiki/exams/2018/q99-liquid-radwaste-release-2r18-inoperable.md,G2.3.6 (3.8),G2.3.6,RESOLVED,G2.3.6 (RO 2 / SRO 3.8),
wiki/exams/2019/jpm-ip-i-locally-borate-rcs.md,004 A4.18 (4.3/4.1),004 A4.18,RESOLVED,004 A4.18 (RO 4.2 / SRO 4.2),In-Plant (RCA) | RO/SRO | 
wiki/exams/2019/jpm-ip-j-startup-parallel-rdmg.md,012 A4.07 (3.9/3.9),012 A4.07,RESOLVED,012 A4.07 (RO 3.8 / SRO 3.8),In-Plant | RO/SRO | 
wiki/exams/2019/jpm-ip-k-waste-gas-release.md,071 A4.26 (3.1/3.9),071 A4.26,RESOLVED,071 A4.26 (RO 3.6 / SRO 3.6),In-Plant (RCA) | RO/SRO | 
wiki/exams/2019/jpm-ro-a1-max-vent-time-frci3.md,G2.1.25 (3.9),G2.1.25,RESOLVED,G2.1.25 (RO 3.9 / SRO 4.2),Admin | RO/SRO | 
wiki/exams/2019/jpm-ro-a2-borated-water-source-surveillance.md,G2.2.37 (3.6),G2.2.37,RESOLVED,G2.2.37 (SRO 4.6),Admin | RO/SRO | 
wiki/exams/2019/jpm-ro-a3-personnel-exposure-requirements.md,G2.3.4 (3.2),G2.3.4,RESOLVED,G2.3.4 (RO 0 / SRO 0),Admin | RO/SRO | 
wiki/exams/2019/jpm-ro-a4-primary-communicator-notifications.md,G2.4.43 (3.2),G2.4.43,RESOLVED,G2.4.43 (RO 3.2 / SRO 3.8),Admin | RO/SRO | 
wiki/exams/2019/jpm-sim-a-loss-crd-vent-fans.md,001 A2.01 (3.1/3.7),001 A2.01,RESOLVED,001 A2.01 (RO 3.3 / SRO 3.3),Simulator | RO/SRO | 
wiki/exams/2019/jpm-sim-b-hot-leg-recirc.md,006 A4.05 (3.9/3.8),006 A4.05,RESOLVED,006 A4.05 (RO 4.1 / SRO 4.1),Sim | RO/SRO | 
wiki/exams/2019/jpm-sim-c-spray-valve-failure.md,010 A2.02 (3.9/3.9),010 A2.02,RESOLVED,010 A2.02 (RO 4.5 / SRO 3.8),Sim | RO/SRO | 
wiki/exams/2019/jpm-sim-d-bleed-feed-head-vents.md,002 A2.04 (4.3/4.6),002 A2.04,RESOLVED,002 A2.04 (RO 4.5 / SRO 4.5),Sim | RO/SRO | 
wiki/exams/2019/jpm-sim-e-turbine-stop-valve-retest.md,045 A4.01 (3.1),045 A4.01,RESOLVED,045 A4.01 (RO 0 / SRO 0),Sim | RO | 
wiki/exams/2019/jpm-sim-f-cfcu-surveillance.md,022 A1.04 (3.2/3.3),022 A1.04,RESOLVED,022 A1.04 (RO 3.3 / SRO 3.3),Sim | RO/SRO | 
wiki/exams/2019/jpm-sim-g-start-load-edg-lopa.md,064 A4.06 (3.9/3.9),064 A4.06,RESOLVED,064 A4.06 (RO 3.9 / SRO 3.9),Simulator | RO/SRO | 
wiki/exams/2019/jpm-sim-h-ccw-leak-inside-containment.md,008 A2.02 (3.2/3.5),008 A2.02,RESOLVED,008 A2.02 (RO 3.8 / SRO 3.7),Simulator | RO/SRO | 
wiki/exams/2019/jpm-sro-a1-eccs-pumps-minimum-flow.md,G2.1.7 (4.7),G2.1.7,RESOLVED,G2.1.7 (RO 4.4 / SRO 4.7),Admin | SRO | 
wiki/exams/2019/jpm-sro-a2-heat-stress-containment-entry.md,G2.1.26 (3.6),G2.1.26,RESOLVED,G2.1.26 (RO 0 / SRO 0),Admin | SRO | 
wiki/exams/2019/jpm-sro-a3-ts-action-inoperable-component.md,G2.2.40 (4.7),G2.2.40,RESOLVED,G2.2.40 (RO 3.4 / SRO 4.7),Admin | SRO | 
wiki/exams/2019/jpm-sro-a4-personnel-exposure-hra-entry.md,G2.3.4 (3.7),G2.3.4,RESOLVED,G2.3.4 (RO 0 / SRO 0),Admin | SRO | 
wiki/exams/2019/jpm-sro-a5-event-classification-icmf.md,G2.4.41 (4.6),G2.4.41,RESOLVED,G2.4.41 (SRO 4.6),Admin | SRO | 
wiki/exams/2019/q1-rcp-starting-requirements.md,003 RCPS-K6.14 (2.6),003 K6.14,RESOLVED,003 K6.14 (RO 0 / SRO 0),
wiki/exams/2019/q10-porv-constant-enthalpy.md,010 PZR PCS-K5.02 (2.6),010 K5.02,RESOLVED,010 K5.02 (RO 3.5 / SRO 3.5),
wiki/exams/2019/q100-emergency-par-default.md,G2.4.38 (4.4),G2.4.38,RESOLVED,G2.4.38 (RO 2.4 / SRO 4.4),
wiki/exams/2019/q11-containment-pressure-channel-loss.md,012 RPS-A3.03 (3.4),012 A3.03,RESOLVED,012 A3.03 (RO 0 / SRO 0),
wiki/exams/2019/q12-eccs-pump-power-supplies.md,013 ESFAS-K2.01 (3.6),013 K2.01,RESOLVED,013 K2.01 (RO 4 / SRO 4),
wiki/exams/2019/q13-cfcu-power-supplies.md,022 CCS-K2.01 (3.0),022 K2.01,RESOLVED,022 K2.01 (RO 3.6 / SRO 3.6),
wiki/exams/2019/q14-containment-spray-reset.md,026 CSS-K4.05 (3.5),026 K4.05,RESOLVED,026 K4.05 (RO 3.4 / SRO 3.4),
wiki/exams/2019/q15-loca-5-cs-pumps-required.md,026 CSS-G2.1.25 (3.9),G2.1.25,RESOLVED,G2.1.25 (RO 3.9 / SRO 4.2),
wiki/exams/2019/q16-afw-pump-start-local-manual.md,039 MRSS-A4.04 (3.8),039 A4.04,RESOLVED,039 A4.04 (RO 0 / SRO 0),
wiki/exams/2019/q17-sgfp-trip-load-reduction.md,059 MFW-AA2.06 (2.7),059 AA2.06,RESOLVED,059 AA2.06 (RO 3 / SRO 3.6),
wiki/exams/2019/q18-sgfp-turbine-overspeed-trip.md,059 MFW-K4.05 (2.5),059 K4.05,RESOLVED,059 K4.05 (RO 3.6 / SRO 3.6),
wiki/exams/2019/q19-afw-sec-mode-2-start.md,061 AFW-K2.02 (3.7),061 K2.02,RESOLVED,061 K2.02 (RO 4.1 / SRO 4.1),
wiki/exams/2019/q2-high-rcs-activity-cvcs-response.md,004 CVCS-A2.09 (3.0),004 A2.09,RESOLVED,004 A2.09 (RO 2.5 / SRO 3),
wiki/exams/2019/q20-afw-pressure-override-runout.md,061 AFW-K6.02 (2.6),061 K6.02,RESOLVED,061 K6.02 (RO 4 / SRO 4),
wiki/exams/2019/q21-4kv-spt-breaker-spurious-open.md,062 A.C. Electrical Distribution-K3.01 (3.5),062 K3.01,RESOLVED,062 K3.01 (RO 4.1 / SRO 4.1),
wiki/exams/2019/q22-dc-battery-sbo-duration.md,063 DC Electrical Distribution System-A1.01 (2.5),063 A1.01,RESOLVED,063 A1.01 (RO 0 / SRO 0),
wiki/exams/2019/q23-sec-actuation-with-rp4-loss.md,063 DC Electrical Distribution System-G2.2.44 (2.5),G2.2.44,RESOLVED,G2.2.44 (RO 4.2 / SRO 4.4),
wiki/exams/2019/q24-edg-load-rating-room-temp.md,064 Emergency Diesel Generator (ED/G) System-A1.05 (2.5),064 A1.05,RESOLVED,064 A1.05 (RO 0 / SRO 0),
wiki/exams/2019/q25-plant-vent-rad-monitor-2r41.md,073 Process Radiation Monitoring (PRM) System-A4.01 (3.9),073 A4.01,RESOLVED,073 A4.01 (RO 0 / SRO 0),
wiki/exams/2019/q26-sw122-fail-position.md,076 Service Water System (SWS)-K4.03 (3.9),076 K4.03,RESOLVED,076 K4.03 (RO 3.8 / SRO 3.8),
wiki/exams/2019/q27-ca330-operability-and-isolation.md,078 Instrument Air System (IAS)-G2.2.38 (3.6),G2.2.38,RESOLVED,G2.2.38 (RO 3.6 / SRO 4.5),
wiki/exams/2019/q28-containment-airlock-interlock.md,103 Containment System-K4.04 (2.5),103 K4.04,RESOLVED,103 K4.04 (RO 3.3 / SRO 3.3),
wiki/exams/2019/q29-rod-control-speed-temp-error.md,001 Control Rod Drive System-K4.05 (3.9),001 K4.05,RESOLVED,001 K4.05 (RO 0 / SRO 0),
wiki/exams/2019/q3-cvcs-malfunction-rod-response.md,004 CVCS-K3.01 (2.5),004 K3.01,RESOLVED,004 K3.01 (RO 2.4 / SRO 2.4),
wiki/exams/2019/q30-pr-ni-failure-trip-coincidence.md,015 Nuclear Instrumentation System (NIS)-A4.03 (3.8),015 A4.03,RESOLVED,015 A4.03 (RO 3.7 / SRO 3.7),
wiki/exams/2019/q31-amsac-train-a-afw-pumps.md,016 NNIS-K1.06 (3.6),016 K1.06,RESOLVED,016 K1.06 (RO 3.7 / SRO 3.7),
wiki/exams/2019/q32-hydrogen-recombiner-power-setting.md,028 HRPS-K5.04 (2.6),028 K5.04,RESOLVED,028 K5.04 (RO 0 / SRO 0),
wiki/exams/2019/q33-fuel-handling-crane-rad-monitor.md,034 FHE-K6.02 (2.6),034 K6.02,RESOLVED,034 K6.02 (RO 3.4 / SRO 3.4),
wiki/exams/2019/q34-steam-dump-ip-converter-power.md,041 SDS-K2.02 (2.6),041 K2.02,RESOLVED,041 K2.02 (RO 0 / SRO 0),
wiki/exams/2019/q35-gdt-release-2r41-auto-closure.md,071 WGS-A3.03 (3.6),071 A3.03,RESOLVED,071 A3.03 (RO 0 / SRO 0),
wiki/exams/2019/q36-fhb-ventilation-2r9-alarm.md,072 ARM-G2.4.31 (4.2),G2.4.31,RESOLVED,G2.4.31 (RO 4.2 / SRO 4.1),
wiki/exams/2019/q37-cw-malfunction-reactor-trip.md,075 CWS-A2.01 (4.2),075 A2.01,RESOLVED,075 A2.01 (RO 3.6 / SRO 3.1),
wiki/exams/2019/q38-fire-pump-auto-start-shutdown.md,086 FPS-A1.05 (2.9),086 A1.05,RESOLVED,086 A1.05 (RO 0 / SRO 0),
wiki/exams/2019/q39-pertinent-information-standing-order.md,G2.1.15 (2.7),G2.1.15,RESOLVED,G2.1.15 (RO 2.7 / SRO 3.4),
wiki/exams/2019/q4-rhr-solid-plant-pressure.md,005 RHRS-K5.05 (2.7),005 K5.05,RESOLVED,005 K5.05 (RO 3.7 / SRO 3.7),
wiki/exams/2019/q40-steam-dump-bypass-valve-failure.md,G2.1.28 (4.1),G2.1.28,RESOLVED,G2.1.28 (RO 4.1 / SRO 4.1),
wiki/exams/2019/q41-troubleshooting-conduct.md,G2.2.20 (2.6),G2.2.20,RESOLVED,G2.2.20 (RO 2.6 / SRO 3.8),
wiki/exams/2019/q42-mssv-setpoints-lco-bases.md,G2.2.25 (3.2),G2.2.25,RESOLVED,G2.2.25 (SRO 4.2),
wiki/exams/2019/q43-cvcs-monitor-tank-release.md,G2.3.11 (3.2),G2.3.11,RESOLVED,G2.3.11 (RO 3.8 / SRO 4.3),
wiki/exams/2019/q44-high-radiation-area-rwp.md,G2.3.7 (3.6),G2.3.7,RESOLVED,G2.3.7 (RO 0 / SRO 0),
wiki/exams/2019/q45-emergency-dose-limits.md,G2.3.4 (3.9),G2.3.4,RESOLVED,G2.3.4 (RO 0 / SRO 0),
wiki/exams/2019/q46-csf-priority-implementation.md,G2.4.22 (3.6),G2.4.22,RESOLVED,G2.4.22 (RO 3.6 / SRO 4.4),
wiki/exams/2019/q47-accident-monitoring-instrumentation.md,G2.4.3 (3.7),G2.4.3,RESOLVED,G2.4.3 (RO 3.7 / SRO 3.9),
wiki/exams/2019/q48-control-room-evacuation.md,G2.4.11 (4.0),G2.4.11,RESOLVED,G2.4.11 (RO 0 / SRO 0),
wiki/exams/2019/q49-eop-trip-1-immediate-actions.md,EPE: 007 EK2.02 (2.6),007 EK2.02,RESOLVED,007 EK2.02 (RO 0 / SRO 0),
wiki/exams/2019/q5-eccs-ccw-sec-mode3.md,006 ECCS-K1.11 (2.8),006 K1.11,RESOLVED,006 K1.11 (RO 3.7 / SRO 3.7),
wiki/exams/2019/q50-pzr-safety-valve-leak-charging.md,APE: 008 AK2.03 (2.5),008 AK2.03,RESOLVED,008 AK2.03 (RO 0 / SRO 0),
wiki/exams/2019/q51-loca-1-feed-flow-sg-level.md,EPE: 009 Small Break LOCA-EK2.03 (3.0),009 EK2.03,RESOLVED,009 EK2.03 (RO 3.9 / SRO 3.9),
wiki/exams/2019/q52-loca-3-sec-reset-blackout.md,EPE: 011 Large Break LOCA-EK2.02 (2.6),011 EK2.02,RESOLVED,011 EK2.02 (RO 0 / SRO 0),
wiki/exams/2019/q53-rcp-shaft-shear-delta-t-shrink.md,APE: 015/017 RCP Malfunctions-AK1.04 (2.9),015 AK1.04,RESOLVED,015 AK1.04 (RO 3.4 / SRO 3.4),
wiki/exams/2019/q54-vct-lt112-fail-loss-of-makeup.md,APE: 022 Loss of Reactor Coolant Makeup-AA1.08 (3.4),022 AA1.08,RESOLVED,022 AA1.08 (RO 0 / SRO 0),
wiki/exams/2019/q55-cc131-thermal-barrier-flow-trip.md,APE: 026 Loss of CCW-AA1.07 (2.9),026 AA1.07,RESOLVED,026 AA1.07 (RO 0 / SRO 0),
wiki/exams/2019/q56-frsm-1-local-reactor-trip-breakers.md,029 ATWS-G2.4.35 (3.8),G2.4.35,RESOLVED,G2.4.35 (RO 3.8 / SRO 4),
wiki/exams/2019/q57-sgfp-trip-below-p10-afw-start.md,APE: 054 Loss of MFW-AA2.03 (4.1),054 AA2.03,RESOLVED,054 AA2.03 (RO 4.3 / SRO 4),
wiki/exams/2019/q58-loss-of-offsite-power-ts-381.md,APE: 056 Loss of Offsite Power-G2.2.39 (3.9),G2.2.39,RESOLVED,G2.2.39 (RO 3.9 / SRO 4.5),
wiki/exams/2019/q59-loss-of-2a-125vdc-edg-impact.md,APE: 058 Loss of DC Power-AA2.03 (3.5),058 AA2.03,RESOLVED,058 AA2.03 (RO 4 / SRO 4),
wiki/exams/2019/q6-prt-temperature-cooling.md,007 PRTS-A1.03 (2.6),007 A1.03,RESOLVED,007 A1.03 (RO 3 / SRO 3),
wiki/exams/2019/q60-sw-nuclear-header-leak-location.md,APE: 062 Loss of Nuclear Service Water-A2.02 (2.9),062 A2.02,RESOLVED,062 A2.02 (RO 3.3 / SRO 3.1),
wiki/exams/2019/q61-ecac-start-bf19-control-air.md,APE: 065 Loss of Instrument Air-AK3.04 (3.0),065 AK3.04,RESOLVED,065 AK3.04 (RO 0 / SRO 0),
wiki/exams/2019/q62-500kv-line-operability-grid.md,077 Generator Voltage and Electric Grid Disturbances-G2.2.37 (3.6),G2.2.37,RESOLVED,G2.2.37 (SRO 4.6),
wiki/exams/2019/q63-loca-6-rhr-piping-isolation.md,WE04 LOCA Outside Containment (3.6),,UNPARSEABLE,,
wiki/exams/2019/q64-frhs1-bleed-feed-eccs-requirement.md,WE05 Loss of Secondary Heat Sink-EK1.3 (3.9),WE05 EK1.03,NUMBER_NOT_IN_CATALOG,,
wiki/exams/2019/q65-loca-5-rcs-depress-upper-head-void.md,W/E11 Loss of Emergency Coolant Recirculation-EA1.3 (3.7),WE11 EA1.03,NUMBER_NOT_IN_CATALOG,,
wiki/exams/2019/q66-losc2-afw-isolation-flow-control.md,W/E12 Uncontrolled Depressurization of all Steam Generators-EK3.3 (3.5),WE12 EK3.03,NUMBER_NOT_IN_CATALOG,,
wiki/exams/2019/q67-continuous-rod-motion-entry.md,APE: 001 Continuous Rod Withdrawal-AA1.07 (3.3),001 AA1.07,RESOLVED,001 AA1.07 (RO 3.7 / SRO 3.7),
wiki/exams/2019/q68-fuel-handling-canal-gate-valve.md,APE 036 Fuel Handling Incidents-AK3.02 (2.9),036 AK3.02,RESOLVED,036 AK3.02 (RO 0 / SRO 0),
wiki/exams/2019/q69-sg-tube-leak-subcooling-calculation.md,APE: 037 Steam Generator Tube Leak-AK1.01 (2.9),037 AK1.01,RESOLVED,037 AK1.01 (RO 0 / SRO 0),
wiki/exams/2019/q7-pzr-heatup-prt-pressure.md,007 PRTS-K5.02 (3.1),007 K5.02,RESOLVED,007 K5.02 (RO 3.4 / SRO 3.4),
wiki/exams/2019/q70-loss-condenser-vacuum-trip-criteria.md,APE: 051 Loss of Condenser Vacuum-AA2.02 (3.9),051 AA2.02,RESOLVED,051 AA2.02 (RO 4.1 / SRO 4.2),
wiki/exams/2019/q71-cr-evac-afw-pzr-pressure.md,APE: 068 Control Room Evacuation-AA2.06 (4.1),068 AA2.06,RESOLVED,068 AA2.06 (RO 3.6 / SRO 3.8),
wiki/exams/2019/q72-frcc1-eccs-valve-alignment.md,EPE: 074 Inadequate Core Cooling-EA1.27 (4.2),074 EA1.27,RESOLVED,074 EA1.27 (RO 0 / SRO 0),
wiki/exams/2019/q73-loca2-cas-eccs-restart.md,WE03 LOCA Cooldown and Depressurization-EK2.2 (3.7),WE03 EK2.02,NUMBER_NOT_IN_CATALOG,,
wiki/exams/2019/q74-frts1-rcs-soak.md,WE08 Pressurized Thermal Shock-EK3.1 (3.4),WE08 EK3.01,NUMBER_NOT_IN_CATALOG,,
wiki/exams/2019/q75-cfst-containment-flooding-frce2.md,WE15 Containment Flooding-G2.1.19 (3.9),G2.1.19,RESOLVED,G2.1.19 (RO 3.9 / SRO 3.8),
wiki/exams/2019/q76-loca2-charging-pump-reduction.md,008 PZR Vapor Space Accident-AA2.23 (4.3),008 AA2.23,RESOLVED,008 AA2.23 (RO 2.5 / SRO 3.8),
wiki/exams/2019/q77-loca1-rwst-lo-cold-leg-recirc.md,EPE: 011 Large Break LOCA-G2.1.27 (3.9),G2.1.27,RESOLVED,G2.1.27 (RO 3.9 / SRO 4),
wiki/exams/2019/q78-loss-rhr-mode4-shutdown-loca.md,APE: 025 Loss of RHRS-G2.1.27 (3.8),G2.1.27,RESOLVED,G2.1.27 (RO 3.9 / SRO 4),
wiki/exams/2019/q79-loop-edg-trip-ts-3811-lco304b.md,056 Loss of Offsite Power-AA2.22 (3.6),056 AA2.22,RESOLVED,056 AA2.22 (RO 0 / SRO 0),
wiki/exams/2019/q8-ccw-rad-monitor-response.md,008 CCWS-A2.04 (3.3),008 A2.04,RESOLVED,008 A2.04 (RO 2.7 / SRO 3.1),
wiki/exams/2019/q80-loss-ca-pzr-level-rcs-cooldown.md,065 Loss of Instrument Air-G2.1.28 (4.1),G2.1.28,RESOLVED,G2.1.28 (RO 4.1 / SRO 4.1),
wiki/exams/2019/q81-loca-outside-containment-transition.md,WE04 LOCA Outside Containment - EA2.1 (4.3),WE04 EA2.01,NUMBER_NOT_IN_CATALOG,,
wiki/exams/2019/q82-pzr-level-control-malfunction-charging.md,028 PZR Level Control Malfunction - A2.03 (4.2),028 A2.03,RESOLVED,028 A2.03 (RO 3.5 / SRO 3),
wiki/exams/2019/q83-edg-lube-oil-trip-sr-4811.md,068 Control Room Evacuation - G2.4.50 (4.2),G2.4.50,RESOLVED,G2.4.50 (RO 4.2 / SRO 4),
wiki/exams/2019/q84-rcs-specific-activity-lco-304c.md,076 High Reactor Coolant Activity - AA2.03 (3.0),076 AA2.03,RESOLVED,076 AA2.03 (RO 3 / SRO 3.5),
wiki/exams/2019/q85-nat-circ-rvlis-cooldown-rate.md,WE10 Nat Circ with Steam Void - G2.4.46 (4.2),G2.4.46,RESOLVED,G2.4.46 (RO 4.2 / SRO 4.2),
wiki/exams/2019/q86-loss-of-rhr-eal-ca41.md,005 RHR System - G2.4.41 (4.6),G2.4.41,RESOLVED,G2.4.41 (SRO 4.6),
wiki/exams/2019/q87-ccw-pump-trip-mode5-procedures.md,008 CCW System - A2.01 (3.3),008 A2.01,RESOLVED,008 A2.01 (RO 4.3 / SRO 4),
wiki/exams/2019/q88-containment-sump-blockage-cs-dp.md,026 Containment Spray System - A2.07 (3.9),026 A2.07,RESOLVED,026 A2.07 (RO 4 / SRO 3.9),
wiki/exams/2019/q89-vital-bus-inverter-lco-303.md,062 AC Electrical Distribution - G2.2.42 (4.6),G2.2.42,RESOLVED,G2.2.42 (RO 3.9 / SRO 4.6),
wiki/exams/2019/q9-pzr-level-variable-leg-leak.md,010 PZR PCS-K1.08 (3.2),010 K1.08,RESOLVED,010 K1.08 (RO 3.6 / SRO 3.6),
wiki/exams/2019/q90-dc-battery-cell-voltage-lco-3823.md,063 DC Electrical Distribution - A2.01 (3.2),063 A2.01,RESOLVED,063 A2.01 (RO 2.7 / SRO 2.8),
wiki/exams/2019/q91-hydrogen-recombiner-eop-loca-1.md,028 HRPS-A2.03 (4.0),028 A2.03,RESOLVED,028 A2.03 (RO 3.5 / SRO 3),
wiki/exams/2019/q92-loss-condenser-vacuum-turbine-trip.md,055 Condenser Air Removal-G2.4.11 (4.2),G2.4.11,RESOLVED,G2.4.11 (RO 0 / SRO 0),
wiki/exams/2019/q93-loss-of-control-air-reactor-trip.md,079 SAS-A2.01 (3.2),079 A2.01,NUMBER_NOT_IN_CATALOG,,
wiki/exams/2019/q94-sta-staffing-requirements.md,G2.1.5 (3.2),G2.1.5,RESOLVED,G2.1.5 (RO 2.9 / SRO 3.9),
wiki/exams/2019/q95-porv-block-valve-config-control.md,G2.2.14 (3.2),G2.2.14,RESOLVED,G2.2.14 (RO 3.9 / SRO 4.3),
wiki/exams/2019/q96-radiation-monitoring-lco-3331.md,G2.2.42 (4.6),G2.2.42,RESOLVED,G2.2.42 (RO 3.9 / SRO 4.6),
wiki/exams/2019/q97-emergency-exposure-peel.md,G2.3.4 (3.7),G2.3.4,RESOLVED,G2.3.4 (RO 0 / SRO 0),
wiki/exams/2019/q98-locked-high-rad-area-iv-waiver.md,G2.3.7 (3.6),G2.3.7,RESOLVED,G2.3.7 (RO 0 / SRO 0),
wiki/exams/2019/q99-cr-evacuation-si-defeat.md,G2.4.35 (4.0),G2.4.35,RESOLVED,G2.4.35 (RO 3.8 / SRO 4),
wiki/exams/2020/jpm-ip-i-locally-control-charging-flow.md,APE 068 AA1.22 (4.0/4.3),068 AA1.22,RESOLVED,068 AA1.22 (RO 3.5 / SRO 3.5),In-Plant (RCA) | RO/SRO | 
wiki/exams/2020/jpm-ip-j-start-sbo-diesel-air-compressor.md,G2.1.23 (4.3/4.4),G2.1.23,RESOLVED,G2.1.23 (RO 4.3 / SRO 4.4),In-Plant | RO/SRO | 
wiki/exams/2020/jpm-ip-k-cvcs-monitor-tank-recirculation.md,068 A2.02 (2.7/2.8),068 A2.02,RESOLVED,068 A2.02 (RO 3.8 / SRO 3.8),In-Plant (RCA) | RO/SRO | 
wiki/exams/2020/jpm-ro-a1-shutdown-margin-calc.md,G2.1.43 (4.1/4.3),G2.1.43,RESOLVED,G2.1.43 (RO 4.1 / SRO 4.3),Admin | RO/SRO | 
wiki/exams/2020/jpm-ro-a2-active-license-verification.md,G2.1.4 (3.3/3.8),G2.1.4,RESOLVED,G2.1.4 (RO 3.3 / SRO 3.8),Admin | RO/SRO | 
wiki/exams/2020/jpm-ro-a3-sw-leak-isolation.md,G2.2.41 (3.5/3.9),G2.2.41,RESOLVED,G2.2.41 (RO 3.5 / SRO 3.9),Admin | RO/SRO | 
wiki/exams/2020/jpm-ro-a4-erds-activation.md,G2.4.43 (3.2/3.8),G2.4.43,RESOLVED,G2.4.43 (RO 3.2 / SRO 3.8),Admin | RO/SRO | 
wiki/exams/2020/jpm-sim-a-failed-open-pzr-spray.md,010 A4.01 (3.7/3.5),010 A4.01,RESOLVED,010 A4.01 (RO 3.8 / SRO 3.8),Sim | RO/SRO | 
wiki/exams/2020/jpm-sim-b-loss-of-both-rhr-pumps.md,005 A2.03 (2.9/3.1),005 A2.03,RESOLVED,005 A2.03 (RO 3.8 / SRO 3.9),Sim | RO/SRO | 
wiki/exams/2020/jpm-sim-c-rod-surveillance.md,001 A2.11 (4.4/4.7),001 A2.11,RESOLVED,001 A2.11 (RO 0 / SRO 0),Sim | RO/SRO | 
wiki/exams/2020/jpm-sim-d-raise-si-accumulator-level.md,006 A4.07 (4.4/4.4),006 A4.07,RESOLVED,006 A4.07 (RO 0 / SRO 0),Sim | RO/SRO | 
wiki/exams/2020/jpm-sim-e-manual-cs-phase-b.md,026 A4.01 (4.5/4.3),026 A4.01,RESOLVED,026 A4.01 (RO 3.9 / SRO 3.9),Sim | RO/SRO | 
wiki/exams/2020/jpm-sim-f-remove-pr-channel.md,015 A4.03 (3.8/3.9),015 A4.03,RESOLVED,015 A4.03 (RO 3.7 / SRO 3.7),Sim | RO Only | 
wiki/exams/2020/jpm-sim-g-rcs-cooldown-ms10s.md,039 A4.07 (2.8/2.9),039 A4.07,RESOLVED,039 A4.07 (RO 0 / SRO 0),Sim | RO/SRO | 
wiki/exams/2020/jpm-sim-h-4kv-group-bus-transfer.md,062 A2.04 (3.1/3.4),062 A2.04,RESOLVED,062 A2.04 (RO 0 / SRO 0),Sim | RO/SRO | 
wiki/exams/2020/jpm-sro-a1-review-shutdown-margin.md,G2.1.43 (4.3),G2.1.43,RESOLVED,G2.1.43 (RO 4.1 / SRO 4.3),Admin | SRO | 
wiki/exams/2020/jpm-sro-a2-shift-staffing.md,G2.1.5 (3.9),G2.1.5,RESOLVED,G2.1.5 (RO 2.9 / SRO 3.9),Admin | SRO | 
wiki/exams/2020/jpm-sro-a3-component-operability.md,G2.2.37 (4.6),G2.2.37,RESOLVED,G2.2.37 (SRO 4.6),Admin | SRO | 
wiki/exams/2020/jpm-sro-a4-radwaste-release-path.md,G2.3.6 (3.8),G2.3.6,RESOLVED,G2.3.6 (RO 2 / SRO 3.8),Admin | SRO | 
wiki/exams/2020/jpm-sro-a5-event-classification-icmf.md,G2.4.41 (4.6),G2.4.41,RESOLVED,G2.4.41 (SRO 4.6),Admin | SRO | 
wiki/exams/2020/q1-reactor-trip-status-panel.md,000007EK2.03 (3.5),007 EK2.03,RESOLVED,007 EK2.03 (RO 4.1 / SRO 4.1),
wiki/exams/2020/q10-loss-of-mfw-dry-sg.md,000054AK1.02 (3.6),054 AK1.02,NUMBER_NOT_IN_CATALOG,,
wiki/exams/2020/q100-eop-trip-1-frhs-1-transition.md,G2.4.14 (4.5),G2.4.14,RESOLVED,G2.4.14 (RO 3.8 / SRO 4.5),
wiki/exams/2020/q11-edg-loading-limits-pzr-heaters.md,000056G2.1.25 (3.9),G2.1.25,RESOLVED,G2.1.25 (RO 3.9 / SRO 4.2),
wiki/exams/2020/q12-loss-of-vib-vct-level-overpressure.md,000057AA2.13 (3.0),057 AA2.13,RESOLVED,057 AA2.13 (RO 3.5 / SRO 3.3),
wiki/exams/2020/q13-loss-of-125vdc-equipment-impact.md,000058AA2.03 (3.5),058 AA2.03,RESOLVED,058 AA2.03 (RO 4 / SRO 4),
wiki/exams/2020/q14-sw-bay-leak-tech-spec.md,000062G2.2.40 (3.4),G2.2.40,RESOLVED,G2.2.40 (RO 3.4 / SRO 4.7),
wiki/exams/2020/q15-loss-of-control-air-ecac.md,000065AA1.04 (3.5),065 AA1.04,RESOLVED,065 AA1.04 (RO 3.4 / SRO 3.4),
wiki/exams/2020/q16-loca-outside-containment-indication.md,WE04EK2.1 (3.5),WE04 EK2.01,NUMBER_NOT_IN_CATALOG,,
wiki/exams/2020/q17-loss-of-emergency-recirc-strategies.md,WE11EK1.2 (3.6),WE11 EK1.02,NUMBER_NOT_IN_CATALOG,,
wiki/exams/2020/q18-frhs1-rcs-pressure-vs-sg-pressure.md,WE05EA2.1 (3.4),WE05 EA2.01,NUMBER_NOT_IN_CATALOG,,
wiki/exams/2020/q19-dropped-rod-step-counter-reset.md,APE03AK3.04 (3.8),003 AK3.04,RESOLVED,003 AK3.04 (RO 3.7 / SRO 3.7),
wiki/exams/2020/q2-porv-discharge-temperature.md,000008AK2.02 (2.7),008 AK2.02,RESOLVED,008 AK2.02 (RO 0 / SRO 0),
wiki/exams/2020/q20-misaligned-rods-required-action.md,APE05AA1.04 (3.9),005 AA1.04,RESOLVED,005 AA1.04 (RO 3.9 / SRO 3.9),
wiki/exams/2020/q21-rapid-boration-trip2.md,000024AK2.03 (2.7),024 AK2.03,RESOLVED,024 AK2.03 (RO 0 / SRO 0),
wiki/exams/2020/q22-ir-channel-bypass.md,APE33AA2.09 (3.4),033 AA2.09,RESOLVED,033 AA2.09 (RO 3.5 / SRO 3.4),
wiki/exams/2020/q23-area-rad-monitor-crane-interlock.md,APE61AK3.02 (3.4),061 AK3.02,RESOLVED,061 AK3.02 (RO 3.4 / SRO 3.4),
wiki/exams/2020/q24-core-cooling-red-path.md,EPE74G2.1.19 (3.9),G2.1.19,RESOLVED,G2.1.19 (RO 3.9 / SRO 3.8),
wiki/exams/2020/q25-loca-outside-containment.md,WE02G2.4.45 (4.1),G2.4.45,RESOLVED,G2.4.45 (RO 4.1 / SRO 4.3),
wiki/exams/2020/q26-smm-adverse-containment.md,WE16EK2.1 (3.0),WE16 EK2.01,NUMBER_NOT_IN_CATALOG,,
wiki/exams/2020/q27-loca-voiding-indication.md,WE03EK1.3 (3.5),WE03 EK1.03,NUMBER_NOT_IN_CATALOG,,
wiki/exams/2020/q28-rcp-standpipe-level-hi.md,003000A1.10 (2.5),003 A1.10,RESOLVED,003 A1.10 (RO 3 / SRO 3),
wiki/exams/2020/q29-charging-pump-power-supplies.md,004000K2.03 (3.3),004 K2.03,RESOLVED,004 K2.03 (RO 3.9 / SRO 3.9),
wiki/exams/2020/q3-sbloca-subcooling-steam-tables.md,000009EK1.02 (3.5),009 EK1.02,RESOLVED,009 EK1.02 (RO 0 / SRO 0),
wiki/exams/2020/q30-cvcs-cv71-post-si.md,004000G2.1.28 (4.1),G2.1.28,RESOLVED,G2.1.28 (RO 4.1 / SRO 4.1),
wiki/exams/2020/q31-rhr-hx-cooldown-rate-control.md,005000K6.03 (2.5),005 K6.03,RESOLVED,005 K6.03 (RO 3.7 / SRO 3.7),
wiki/exams/2020/q32-eop-frts1-pts-mitigation.md,006000K5.04 (2.9),006 K5.04,RESOLVED,006 K5.04 (RO 3.6 / SRO 3.6),
wiki/exams/2020/q33-containment-ts-pressure-temperature.md,007000K3.01 (3.3),007 K3.01,RESOLVED,007 K3.01 (RO 3.4 / SRO 3.4),
wiki/exams/2020/q34-ccw-thermal-barrier-leak-indications.md,008000K1.04 (3.3),008 K1.04,RESOLVED,008 K1.04 (RO 3.8 / SRO 3.8),
wiki/exams/2020/q35-ccw-pump-sec-mode-3-loading.md,008000K4.09 (2.7),008 K4.09,RESOLVED,008 K4.09 (RO 3.5 / SRO 3.5),
wiki/exams/2020/q36-pzr-pressure-channel-fails-low.md,010000A3.02 (3.6),010 A3.02,RESOLVED,010 A3.02 (RO 0 / SRO 0),
wiki/exams/2020/q37-otdt-inputs.md,012000K5.01 (3.3),012 K5.01,RESOLVED,012 K5.01 (RO 3.9 / SRO 3.9),
wiki/exams/2020/q38-loss-of-tripping-capability-rtb.md,012000G2.4.31 (4.2),G2.4.31,RESOLVED,G2.4.31 (RO 4.2 / SRO 4.1),
wiki/exams/2020/q39-esfas-si-block-containment-high-pressure.md,013000K4.12 (3.7),013 K4.12,RESOLVED,013 K4.12 (RO 4.2 / SRO 4.2),
wiki/exams/2020/q4-rcp-motor-winding-temperature.md,000015AK3.01 (2.5),015 AK3.01,RESOLVED,015 AK3.01 (RO 4.1 / SRO 4.1),
wiki/exams/2020/q40-cfcu-containment-temperature-rise.md,022000A1.01 (3.6),022 A1.01,RESOLVED,022 A1.01 (RO 3.8 / SRO 3.8),
wiki/exams/2020/q41-eccs-semi-auto-switchover.md,026000K4.08 (4.1),026 K4.08,RESOLVED,026 K4.08 (RO 3.9 / SRO 3.9),
wiki/exams/2020/q42-eop-loca-5-table-c-cs-pumps.md,026000G2.1.25 (3.9),G2.1.25,RESOLVED,G2.1.25 (RO 3.9 / SRO 4.2),
wiki/exams/2020/q43-ms10-atmospheric-relief-flow.md,039000K1.02 (3.3),039 K1.02,RESOLVED,039 K1.02 (RO 0 / SRO 0),
wiki/exams/2020/q44-afw-pump-auto-start-sgfp-trip.md,059000K1.02 (3.4),059 K1.02,RESOLVED,059 K1.02 (RO 3.9 / SRO 3.9),
wiki/exams/2020/q45-loss-of-control-air-bf19-closure.md,059000A2.12 (3.1),059 A2.12,RESOLVED,059 A2.12 (RO 3.9 / SRO 3.6),
wiki/exams/2020/q46-afw-pressure-override-sg-levels.md,061000A3.03 (3.9),061 A3.03,RESOLVED,061 A3.03 (RO 3.8 / SRO 3.8),
wiki/exams/2020/q47-4kv-degraded-voltage-sec-mode.md,062000K1.02 (4.1),062 K1.02,RESOLVED,062 K1.02 (RO 4.4 / SRO 4.4),
wiki/exams/2020/q48-edg-kvar-loading-voltage-control.md,062000A4.07 (3.1),062 A4.07,RESOLVED,062 A4.07 (RO 3.7 / SRO 3.7),
wiki/exams/2020/q49-125vdc-battery-discharge-indication.md,063000A4.03 (3.0),063 A4.03,RESOLVED,063 A4.03 (RO 3.5 / SRO 3.5),
wiki/exams/2020/q5-excess-letdown-si-isolation.md,000022AA1.07 (2.8),022 AA1.07,RESOLVED,022 AA1.07 (RO 3.1 / SRO 3.1),
wiki/exams/2020/q50-edg-starting-air-receiver-capability.md,064000K6.07 (2.7),064 K6.07,RESOLVED,064 K6.07 (RO 3.9 / SRO 3.9),
wiki/exams/2020/q51-sgbd-rad-monitor-warning.md,073000K4.01 (4.0),073 K4.01,RESOLVED,073 K4.01 (RO 3.9 / SRO 3.9),
wiki/exams/2020/q52-sw-header-leak-edg-cfcu-supply.md,076000K3.07 (3.7),076 K3.07,RESOLVED,076 K3.07 (RO 3.8 / SRO 3.8),
wiki/exams/2020/q53-sw-pump-trip-4kv-bus-diff.md,076000A2.01 (3.5),076 A2.01,RESOLVED,076 A2.01 (RO 0 / SRO 0),
wiki/exams/2020/q54-ecac-power-supply.md,078000K2.02 (3.3),078 K2.02,RESOLVED,078 K2.02 (RO 3.4 / SRO 3.4),
wiki/exams/2020/q55-phase-a-isolation-valves.md,103000A3.01 (3.9),103 A3.01,RESOLVED,103 A3.01 (RO 4.2 / SRO 4.2),
wiki/exams/2020/q56-rod-drive-mg-set-power-supplies.md,001000K2.05 (3.1),001 K2.05,RESOLVED,001 K2.05 (RO 0 / SRO 0),
wiki/exams/2020/q57-pzr-level-channel-i-fails-high.md,016000K3.02 (3.4),016 K3.02,RESOLVED,016 K3.02 (RO 3.6 / SRO 3.6),
wiki/exams/2020/q58-subcooling-margin-monitor-inputs.md,017000K4.01 (3.4),017 K4.01,RESOLVED,017 K4.01 (RO 3.9 / SRO 3.9),
wiki/exams/2020/q59-containment-ventilation-isolation.md,029000K1.03 (3.6),029 K1.03,RESOLVED,029 K1.03 (RO 3.5 / SRO 3.5),
wiki/exams/2020/q6-shutdown-loca.md,000025AA2.04 (3.3),025 AA2.04,RESOLVED,025 AA2.04 (RO 2.8 / SRO 3.9),
wiki/exams/2020/q60-adfcs-sg-level-channel-failure.md,035000K6.03 (2.6),035 K6.03,RESOLVED,035 K6.03 (RO 3.8 / SRO 3.8),
wiki/exams/2020/q61-steam-dump-pt507-fails-high.md,041000K3.05 (2.9),041 K3.05,RESOLVED,041 K3.05 (RO 2.7 / SRO 2.7),
wiki/exams/2020/q62-sfp-anti-siphon-design.md,033000K4.03 (2.6),033 K4.03,RESOLVED,033 K4.03 (RO 0 / SRO 0),
wiki/exams/2020/q63-condenser-air-removal-ar25-stuck-open.md,055000K3.01 (2.5),055 K3.01,RESOLVED,055 K3.01 (RO 3.8 / SRO 3.8),
wiki/exams/2020/q64-circ-water-malfunction-load-reduction.md,075000K2.02 (2.5),075 K2.02,RESOLVED,075 K2.02 (RO 0 / SRO 0),
wiki/exams/2020/q65-fire-pump-start-loss-of-ac.md,086000A1.05 (2.9),086 A1.05,RESOLVED,086 A1.05 (RO 0 / SRO 0),
wiki/exams/2020/q66-operator-burdens-annunciator-marking.md,G2.1.1 (3.8),G2.1.1,RESOLVED,G2.1.1 (RO 3.8 / SRO 4.2),
wiki/exams/2020/q67-shift-turnover-pre-post-relief.md,G2.1.3 (3.7),G2.1.3,RESOLVED,G2.1.3 (RO 3.7 / SRO 3.9),
wiki/exams/2020/q68-control-rod-movement-requirements.md,G2.1.37 (4.3),G2.1.37,RESOLVED,G2.1.37 (RO 4.3 / SRO 4.6),
wiki/exams/2020/q69-component-configuration-control.md,G2.2.14 (3.9),G2.2.14,RESOLVED,G2.2.14 (RO 3.9 / SRO 4.3),
wiki/exams/2020/q7-pzr-porv-fails-open.md,000027AK3.03 (3.7),027 AK3.03,RESOLVED,027 AK3.03 (RO 3.9 / SRO 3.9),
wiki/exams/2020/q70-breaker-tagging-removal.md,G2.2.13 (4.1),G2.2.13,RESOLVED,G2.2.13 (RO 4.1 / SRO 4.3),
wiki/exams/2020/q71-surveillance-dollar-sign.md,G2.2.12 Knowledge of surveillance procedures (3.7),G2.2.12,RESOLVED,G2.2.12 (RO 3.7 / SRO 4.1),
wiki/exams/2020/q72-radwaste-release-rp-support.md,G2.3.14 Knowledge of radiation/contamination hazards (3.4),G2.3.14,RESOLVED,G2.3.14 (SRO 3.8),
wiki/exams/2020/q73-emergency-dose-extension-alert.md,G2.3.4 Knowledge of radiation exposure limits (3.2),G2.3.4,RESOLVED,G2.3.4 (RO 0 / SRO 0),
wiki/exams/2020/q74-eop-continuous-action-verbs.md,G2.4.17 Knowledge of EOP terms and definitions (3.9),G2.4.17,RESOLVED,G2.4.17 (RO 3.9 / SRO 4.3),
wiki/exams/2020/q75-containment-fire-2fp147.md,G2.4.25 Knowledge of fire protection procedures (3.3),G2.4.25,RESOLVED,G2.4.25 (RO 3.3 / SRO 3.7),
wiki/exams/2020/q76-ccw-restoration-mode-iii.md,000011EA2.07 (3.4),011 EA2.07,RESOLVED,011 EA2.07 (RO 3.1 / SRO 3.3),
wiki/exams/2020/q77-loss-of-charging-tech-specs.md,000022G2.2.22 (4.7),G2.2.22,RESOLVED,G2.2.22 (RO 4 / SRO 4.7),
wiki/exams/2020/q78-ccw-abnormality-rcp-bearing-time.md,000026A2.06 (3.1),026 A2.06,RESOLVED,026 A2.06 (RO 0 / SRO 0),
wiki/exams/2020/q79-sgtr-subcooling-loss-transition.md,000038EA2.07 (4.8),038 EA2.07,RESOLVED,038 EA2.07 (RO 4 / SRO 4),
wiki/exams/2020/q8-atws-turbine-trip.md,000029EK3.12 (4.4),029 EK3.12,RESOLVED,029 EK3.12 (RO 4.3 / SRO 4.3),
wiki/exams/2020/q80-lopa-1-decision-time-extended-blackout.md,000055EA2.05 (3.7),055 EA2.05,RESOLVED,055 EA2.05 (RO 4.1 / SRO 3.9),
wiki/exams/2020/q81-grid-voltage-inoperable-lines.md,000077G2.1.7 (4.7),G2.1.7,RESOLVED,G2.1.7 (RO 4.4 / SRO 4.7),
wiki/exams/2020/q82-fuel-handling-incident-mast-tube.md,000036G2.1.32 (4.0),G2.1.32,RESOLVED,G2.1.32 (RO 3.8 / SRO 4),
wiki/exams/2020/q83-relay-room-fire-porv-block-valve.md,000067AA2.04 (4.3),067 AA2.04,RESOLVED,067 AA2.04 (RO 3.8 / SRO 3.8),
wiki/exams/2020/q84-nat-circ-cooldown-rates-rvlis.md,00WE10EA2.2 (3.9),WE10 EA2.02,NUMBER_NOT_IN_CATALOG,,
wiki/exams/2020/q85-frts1-entry-rcs-pressure-below-300.md,00WE08EA2.2 (4.1),WE08 EA2.02,NUMBER_NOT_IN_CATALOG,,
wiki/exams/2020/q86-cr-evacuation-seal-injection.md,003G2.4.34 (4.1),G2.4.34,RESOLVED,G2.4.34 (RO 4.2),
wiki/exams/2020/q87-loca-sump-blockage-eccs-flow.md,006G2.4.47 (4.2),G2.4.47,RESOLVED,G2.4.47 (RO 4.2 / SRO 4.2),
wiki/exams/2020/q88-loss-of-vib-esfas-phase-b-logic.md,013A2.04 (4.2),013 A2.04,RESOLVED,013 A2.04 (RO 3.5 / SRO 3.7),
wiki/exams/2020/q89-sw-cfcu-isolation-water-hammer.md,022A2.04 (3.2),022 A2.04,RESOLVED,022 A2.04 (RO 3.7 / SRO 3.4),
wiki/exams/2020/q9-mslb-containment-cooling.md,000040G2.4.46 (4.2),G2.4.46,RESOLVED,G2.4.46 (RO 4.2 / SRO 4.2),
wiki/exams/2020/q90-r18-detector-failure-liquid-release.md,073A2.02 (3.2),073 A2.02,RESOLVED,073 A2.02 (RO 0 / SRO 0),
wiki/exams/2020/q91-loss-of-all-charging-pumps.md,011A2.04 (3.7),011 A2.04,RESOLVED,011 A2.04 (RO 3.7 / SRO 3.9),
wiki/exams/2020/q92-containment-hydrogen-concentration.md,028G2.1.20 (4.6),G2.1.20,RESOLVED,G2.1.20 (RO 4.6 / SRO 4.6),
wiki/exams/2020/q93-condensate-pump-trip-actions.md,056A2.04 (2.8),056 A2.04,RESOLVED,056 A2.04 (RO 4 / SRO 3.7),
wiki/exams/2020/q94-refueling-de-tensioning-requirements.md,G2.1.40 (3.9),G2.1.40,RESOLVED,G2.1.40 (RO 2.8 / SRO 3.9),
wiki/exams/2020/q95-abnormal-secondary-chemistry.md,G2.1.34 (3.5),G2.1.34,RESOLVED,G2.1.34 (RO 2.7 / SRO 3.5),
wiki/exams/2020/q96-special-test-evolution-screening.md,G2.2.7 (3.6),G2.2.7,RESOLVED,G2.2.7 (RO 2.9 / SRO 3.6),
wiki/exams/2020/q97-protected-equipment-program.md,G2.2.21 (4.1),G2.2.21,RESOLVED,G2.2.21 (RO 2.9 / SRO 4.1),
wiki/exams/2020/q98-waste-gas-release-restrictions.md,G2.3.11 (4.3),G2.3.11,RESOLVED,G2.3.11 (RO 3.8 / SRO 4.3),
wiki/exams/2020/q99-emergency-coordinator-escalation.md,G2.4.37 (4.1),G2.4.37,RESOLVED,G2.4.37 (RO 3 / SRO 4.1),
wiki/exams/2022/jpm-ip-i-pzr-backup-heater-transfer.md,010 A4.03 (3.6/3.4),010 A4.03,RESOLVED,010 A4.03 (RO 3.8 / SRO 3.8),In-Plant | RO/SRO | 
wiki/exams/2022/jpm-ip-j-locally-open-reactor-trip-breakers.md,012 A4.06 (4.3/4.3),012 A4.06,RESOLVED,012 A4.06 (RO 4.2 / SRO 4.2),In-Plant | RO/SRO | 
wiki/exams/2022/jpm-ip-k-radioactive-liquid-release.md,068 A4.03 (3.9/3.8),068 A4.03,RESOLVED,068 A4.03 (RO 3.5 / SRO 3.5),In-Plant | RO/SRO | 
wiki/exams/2022/jpm-ro-a1-max-vent-time-frci3.md,G2.1.25 (3.9),G2.1.25,RESOLVED,G2.1.25 (RO 3.9 / SRO 4.2),Admin | RO/SRO | 
wiki/exams/2022/jpm-ro-a2-boration-time-stuck-rods.md,G2.1.20 (4.6),G2.1.20,RESOLVED,G2.1.20 (RO 4.6 / SRO 4.6),Admin | RO/SRO | 
wiki/exams/2022/jpm-ro-a3-manual-qptr-calculation.md,G2.2.12 (3.7),G2.2.12,RESOLVED,G2.2.12 (RO 3.7 / SRO 4.1),Admin | RO/SRO | 
wiki/exams/2022/jpm-ro-a4-radiological-dose-stay-time.md,G2.3.13 (3.4),G2.3.13,RESOLVED,G2.3.13 (RO 0 / SRO 0),Admin | RO/SRO | 
wiki/exams/2022/jpm-sim-a-rod-exercise-surveillance.md,001 A2.11 (4.4/4.7),001 A2.11,RESOLVED,001 A2.11 (RO 0 / SRO 0),Sim | RO | 
wiki/exams/2022/jpm-sim-b-manual-makeup-vct.md,004 A4.04 (3.2/3.6),004 A4.04,RESOLVED,004 A4.04 (RO 3.6 / SRO 3.6),Sim | RO/SRO | 
wiki/exams/2022/jpm-sim-c-isolate-accumulators.md,006 A3.10 (4.0/3.9),006 A3.10,NUMBER_NOT_IN_CATALOG,,Sim | RO/SRO | 
wiki/exams/2022/jpm-sim-d-rcp-standpipe-level.md,003 A1.10 (2.5/2.7),003 A1.10,RESOLVED,003 A1.10 (RO 3 / SRO 3),Sim | RO/SRO | 
wiki/exams/2022/jpm-sim-e-loss-of-sgfp.md,059 A4.14 (3.1/3.3),059 A4.14,RESOLVED,059 A4.14 (RO 3.1 / SRO 3.1),Sim | RO/SRO | 
wiki/exams/2022/jpm-sim-f-manual-containment-spray.md,026 A2.03 (4.4/4.4),026 A2.03,RESOLVED,026 A2.03 (RO 3.9 / SRO 4.1),Sim | RO/SRO | 
wiki/exams/2022/jpm-sim-g-loss-of-4kv-vital-bus.md,062 A2.04 (3.1/3.4),062 A2.04,RESOLVED,062 A2.04 (RO 0 / SRO 0),Sim | RO | 
wiki/exams/2022/jpm-sim-h-fire-alarm-response.md,086 A4.02 (3.5/3.5),086 A4.02,RESOLVED,086 A4.02 (RO 3.2 / SRO 3.2),Sim | RO/SRO | 
wiki/exams/2022/jpm-sro-a1-chill-water-heat-load-isolation.md,G2.1.7 (4.7),G2.1.7,RESOLVED,G2.1.7 (RO 4.4 / SRO 4.7),Admin | SRO | 
wiki/exams/2022/jpm-sro-a2-boration-time-bast-levels.md,G2.1.20 (4.6),G2.1.20,RESOLVED,G2.1.20 (RO 4.6 / SRO 4.6),Admin | SRO | 
wiki/exams/2022/jpm-sro-a3-containment-vent-valve-surveillance.md,G2.2.12 (4.1),G2.2.12,RESOLVED,G2.2.12 (RO 3.7 / SRO 4.1),Admin | SRO | 
wiki/exams/2022/jpm-sro-a4-containment-entry-exposure.md,G2.3.4 (3.7),G2.3.4,RESOLVED,G2.3.4 (RO 0 / SRO 0),Admin | SRO | 
wiki/exams/2022/jpm-sro-a5-emergency-classification-pars.md,G2.4.41 (4.6),G2.4.41,RESOLVED,G2.4.41 (SRO 4.6),Admin | SRO | 
wiki/exams/2022/q1-reactor-trip-breakers-ssps.md,EPE07 EK2.02 (2.6),007 EK2.02,RESOLVED,007 EK2.02 (RO 0 / SRO 0),
wiki/exams/2022/q10-eop-frsm1-atws-actions.md,EPE 29 G2.4.6 (3.7),G2.4.6,RESOLVED,G2.4.6 (RO 3.7 / SRO 4.7),
wiki/exams/2022/q100-emergency-accountability-timing.md,G 2.4.38 (4.4),G2.4.38,RESOLVED,G2.4.38 (RO 2.4 / SRO 4.4),
wiki/exams/2022/q11-sgtr-natural-circulation.md,EPE 38 EA1.33 (4.4),038 EA1.33,RESOLVED,038 EA1.33 (RO 0 / SRO 0),
wiki/exams/2022/q12-msli-actuation-conditions.md,APE 40 AK3.01 (4.2),040 AK3.01,NUMBER_NOT_IN_CATALOG,,
wiki/exams/2022/q13-fw-line-break-vs-steam-break.md,APE 54 AK1.01 (4.1),054 AK1.01,NUMBER_NOT_IN_CATALOG,,
wiki/exams/2022/q14-sec-mode2-si-pump-status.md,APE 56 AA2.03 (3.8),056 AA2.03,RESOLVED,056 AA2.03 (RO 3.5 / SRO 3.9),
wiki/exams/2022/q15-125vdc-battery-charger-loss.md,APE58 AA2.01 (3.7),058 AA2.01,RESOLVED,058 AA2.01 (RO 3.4 / SRO 3.7),
wiki/exams/2022/q16-sw-valve-room-leak-source.md,APE62 AA2.02 (2.9),062 AA2.02,RESOLVED,062 AA2.02 (RO 3.8 / SRO 3.3),
wiki/exams/2022/q17-mvar-loading-voltage-regulator.md,APE 77 G2.1.27 (3.9),G2.1.27,RESOLVED,G2.1.27 (RO 3.9 / SRO 4),
wiki/exams/2022/q18-loca-outside-containment-sj49.md,WE04 EA1.1 (4.0),WE04 EA1.01,NUMBER_NOT_IN_CATALOG,,
wiki/exams/2022/q19-dropped-rod-nis-indication.md,APE 3 AA2.03 (3.6),003 AA2.03,RESOLVED,003 AA2.03 (RO 0 / SRO 0),
wiki/exams/2022/q2-pzr-safety-valve-tailpipe-temp.md,APE08 AK2.02 (2.7),008 AK2.02,RESOLVED,008 AK2.02 (RO 0 / SRO 0),
wiki/exams/2022/q20-misaligned-rod-recovery.md,APE05 AK2.02 (2.5),005 AK2.02,RESOLVED,005 AK2.02 (RO 0 / SRO 0),
wiki/exams/2022/q21-pzr-reference-leg-leak.md,APE 28 AK1.01 (2.8),028 AK1.01,RESOLVED,028 AK1.01 (RO 3.5 / SRO 3.5),
wiki/exams/2022/q22-fuel-handling-incident-alarms.md,APE 36 G2.4.46 (4.2),G2.4.46,RESOLVED,G2.4.46 (RO 4.2 / SRO 4.2),
wiki/exams/2022/q23-plant-vent-rad-monitor-response.md,APE 60 AK2.02 (2.7),060 AK2.02,RESOLVED,060 AK2.02 (RO 3.5 / SRO 3.5),
wiki/exams/2022/q24-frcc1-rcp-start-criteria.md,EPE 74 EA1.06 (3.6),074 EA1.06,RESOLVED,074 EA1.06 (RO 3.8 / SRO 3.8),
wiki/exams/2022/q25-eop-trip7-rediagnosis.md,W E01 EK3.2 (3.0),WE01 EK3.02,NUMBER_NOT_IN_CATALOG,,
wiki/exams/2022/q26-eop-frhs2-afw-isolation.md,W E13 EK3.2 (2.9),WE13 EK3.02,NUMBER_NOT_IN_CATALOG,,
wiki/exams/2022/q27-eop-loca2-rcs-depressurization.md,W E03 EA1.1 (4.0),WE03 EA1.01,NUMBER_NOT_IN_CATALOG,,
wiki/exams/2022/q28-rcp-bearing-cooling-seal-injection.md,003 K4.07 (3.2),003 K4.07,RESOLVED,003 K4.07 (RO 3.8 / SRO 3.8),
wiki/exams/2022/q29-cvcs-boration-dilution.md,004 G2.1.32 (3.8),G2.1.32,RESOLVED,G2.1.32 (RO 3.8 / SRO 4),
wiki/exams/2022/q3-phase-a-safeguards-indication.md,EPE09 EA1.08 (4.0),009 EA1.08,RESOLVED,009 EA1.08 (RO 3.7 / SRO 3.7),
wiki/exams/2022/q30-cvcs-charging-letdown.md,004 K4.11 (3.1),004 K4.11,RESOLVED,004 K4.11 (RO 3.7 / SRO 3.7),
wiki/exams/2022/q31-rhr-miniflow-valve.md,005 K3.01 (3.9),005 K3.01,RESOLVED,005 K3.01 (RO 4.5 / SRO 4.5),
wiki/exams/2022/q32-rhr-mode-switch.md,005 K5.05 (2.7),005 K5.05,RESOLVED,005 K5.05 (RO 3.7 / SRO 3.7),
wiki/exams/2022/q33-eccs-accumulator-isolation.md,006 K5.06 (3.3),006 K5.06,RESOLVED,006 K5.06 (RO 3.9 / SRO 3.9),
wiki/exams/2022/q34-prt-rupture-disc.md,007 A2.03 (3.6),007 A2.03,RESOLVED,007 A2.03 (RO 4.3 / SRO 3.4),
wiki/exams/2022/q35-ccw-surge-tank-level.md,008 A2.02 (3.2),008 A2.02,RESOLVED,008 A2.02 (RO 3.8 / SRO 3.7),
wiki/exams/2022/q36-ccw-thermal-barrier-hx.md,008 K1.04 (3.3),008 K1.04,RESOLVED,008 K1.04 (RO 3.8 / SRO 3.8),
wiki/exams/2022/q37-pzr-pressure-control-heaters.md,010 A1.07 (3.7),010 A1.07,RESOLVED,010 A1.07 (RO 3.9 / SRO 3.9),
wiki/exams/2022/q38-reactor-trip-functions.md,012 K3.02 (3.2),012 K3.02,RESOLVED,012 K3.02 (RO 3.6 / SRO 3.6),
wiki/exams/2022/q39-esf-actuation-signals.md,013 K6.01 (2.7),013 K6.01,RESOLVED,013 K6.01 (RO 0 / SRO 0),
wiki/exams/2022/q4-eop-appx7-reflux-cooling.md,EPE11 EK1.01 (4.1),011 EK1.01,RESOLVED,011 EK1.01 (RO 4.2 / SRO 4.2),
wiki/exams/2022/q40-esf-phase-b-containment.md,013 K4.07 (3.7),013 K4.07,RESOLVED,013 K4.07 (RO 0 / SRO 0),
wiki/exams/2022/q41-cfcu-operation.md,022 A4.04 (3.1),022 A4.04,RESOLVED,022 A4.04 (RO 3.5 / SRO 3.5),
wiki/exams/2022/q42-containment-spray-actuation.md,026 K2.01 (3.4),026 K2.01,RESOLVED,026 K2.01 (RO 3.9 / SRO 3.9),
wiki/exams/2022/q43-main-steam-safety-valves.md,039 A4.07 (2.8),039 A4.07,RESOLVED,039 A4.07 (RO 0 / SRO 0),
wiki/exams/2022/q44-feedwater-regulating-valves.md,059 K4.19 (3.2),059 K4.19,RESOLVED,059 K4.19 (RO 3.8 / SRO 3.8),
wiki/exams/2022/q45-feedwater-isolation.md,059 A3.02 (2.9),059 A3.02,RESOLVED,059 A3.02 (RO 0 / SRO 0),
wiki/exams/2022/q46-afw-pump-operation.md,061 K6.01 (2.5),061 K6.01,RESOLVED,061 K6.01 (RO 3.9 / SRO 3.9),
wiki/exams/2022/q47-ac-electrical-distribution.md,062 K3.02 (4.1),062 K3.02,RESOLVED,062 K3.02 (RO 4.4 / SRO 4.4),
wiki/exams/2022/q48-dc-electrical-distribution.md,063 K3.02 (3.5),063 K3.02,RESOLVED,063 K3.02 (RO 4 / SRO 4),
wiki/exams/2022/q49-dc-bus-loading.md,063 G2.1.30 (4.4),G2.1.30,RESOLVED,G2.1.30 (RO 4.4 / SRO 4),
wiki/exams/2022/q5-ccw-thermal-barrier-rcp.md,APE15 AK2.08 (2.6),015 AK2.08,RESOLVED,015 AK2.08 (RO 3.5 / SRO 3.5),
wiki/exams/2022/q50-edg-surveillance.md,064 A1.08 (3.1),064 A1.08,RESOLVED,064 A1.08 (RO 0 / SRO 0),
wiki/exams/2022/q51-cav-rad-monitor-ap-mode.md,073 A2.02 (2.7),073 A2.02,RESOLVED,073 A2.02 (RO 0 / SRO 0),
wiki/exams/2022/q52-sw122-cc-hx-sec-mode.md,076 K1.16 (3.6),076 K1.16,RESOLVED,076 K1.16 (RO 3.7 / SRO 3.7),
wiki/exams/2022/q53-sac-power-supply-air-pressure.md,078 K2.01 (2.7),078 K2.01,RESOLVED,078 K2.01 (RO 3.3 / SRO 3.3),
wiki/exams/2022/q54-cvcs-letdown-phase-a-isolation.md,103 A3.01 (3.9),103 A3.01,RESOLVED,103 A3.01 (RO 4.2 / SRO 4.2),
wiki/exams/2022/q55-cfcu-sec-mode1-si-response.md,103 K1.01 (3.6),103 K1.01,RESOLVED,103 K1.01 (RO 3.7 / SRO 3.7),
wiki/exams/2022/q56-rod-insertion-limit-alarm.md,001 K5.04 (4.3),001 K5.04,RESOLVED,001 K5.04 (RO 4 / SRO 4),
wiki/exams/2022/q57-ir-nis-failure-p10-permissive.md,015 K4.07 (3.7),015 K4.07,RESOLVED,015 K4.07 (RO 3.9 / SRO 3.9),
wiki/exams/2022/q58-adfcs-steam-pressure-failure.md,016 K3.12 (3.4),016 K3.12,RESOLVED,016 K3.12 (RO 3.4 / SRO 3.4),
wiki/exams/2022/q59-containment-iru-operation.md,027 A4.03 (3.3),027 A4.03,RESOLVED,027 A4.03 (RO 0 / SRO 0),
wiki/exams/2022/q6-charging-pump-speed-controller.md,APE22 AA1.04 (3.3),022 AA1.04,RESOLVED,022 AA1.04 (RO 3.5 / SRO 3.5),
wiki/exams/2022/q60-hydrogen-recombiner-power-setting.md,028 A4.01 (4.0),028 A4.01,RESOLVED,028 A4.01 (RO 2.8 / SRO 2.8),
wiki/exams/2022/q61-sfp-makeup-water-sources.md,033 K1.05 (2.7),033 K1.05,RESOLVED,033 K1.05 (RO 0 / SRO 0),
wiki/exams/2022/q62-fuel-handling-crane-interlocks.md,034 K4.02 (2.5),034 K4.02,RESOLVED,034 K4.02 (RO 3 / SRO 3),
wiki/exams/2022/q63-steam-dump-p12-bypass-tavg.md,041 A1.01 (2.9),041 A1.01,RESOLVED,041 A1.01 (RO 0 / SRO 0),
wiki/exams/2022/q64-main-turbine-valve-stroke-testing.md,045 G2.1.23 (4.3),G2.1.23,RESOLVED,G2.1.23 (RO 4.3 / SRO 4.4),
wiki/exams/2022/q65-condensate-pump-trip-response.md,056 A2.04 (2.6),056 A2.04,RESOLVED,056 A2.04 (RO 4 / SRO 3.7),
wiki/exams/2022/q66-plant-announcement-requirements.md,G2.1.1 (3.8),G2.1.1,RESOLVED,G2.1.1 (RO 3.8 / SRO 4.2),
wiki/exams/2022/q67-shift-turnover-restrictions.md,G2.1.3 (3.7),G2.1.3,RESOLVED,G2.1.3 (RO 3.7 / SRO 3.9),
wiki/exams/2022/q68-confined-space-entry-requirements.md,G2.1.26 (3.4),G2.1.26,RESOLVED,G2.1.26 (RO 0 / SRO 0),
wiki/exams/2022/q69-otsc-change-to-intent.md,G2.2.6 (3.0),G2.2.6,RESOLVED,G2.2.6 (RO 3 / SRO 3.6),
wiki/exams/2022/q7-rhr-suction-isolation-interlocks.md,APE 25 AK3.02 (3.3),025 AK3.02,RESOLVED,025 AK3.02 (RO 3.6 / SRO 3.6),
wiki/exams/2022/q70-red-blocking-tag-emergency.md,G2.2.13 (4.1),G2.2.13,RESOLVED,G2.2.13 (RO 4.1 / SRO 4.3),
wiki/exams/2022/q71-emergency-exposure-stay-time.md,G 2.3.4 (3.2),G2.3.4,RESOLVED,G2.3.4 (RO 0 / SRO 0),
wiki/exams/2022/q72-locked-high-radiation-area-posting.md,G 2.3.12 (3.2),G2.3.12,RESOLVED,G2.3.12 (RO 3.2 / SRO 3.7),
wiki/exams/2022/q73-eop-continuous-caution-definition.md,G 2.4.17 (3.9),G2.4.17,RESOLVED,G2.4.17 (RO 3.9 / SRO 4.3),
wiki/exams/2022/q74-emergency-notification-timing.md,G 2.4.39 (3.9),G2.4.39,RESOLVED,G2.4.39 (RO 3.9),
wiki/exams/2022/q75-emergency-communications-nets-phone.md,G 2.4.43 (3.2),G2.4.43,RESOLVED,G2.4.43 (RO 3.2 / SRO 3.8),
wiki/exams/2022/q76-eop-frsm1-rcp-trip-atws.md,EPE 29 G2.4.18 (4.0),G2.4.18,RESOLVED,G2.4.18 (RO 3.3 / SRO 4),
wiki/exams/2022/q77-eop-lopa1-ms10-cooldown-rate.md,EPE 55 EA2.04 (4.1),055 EA2.04,RESOLVED,055 EA2.04 (RO 4.1 / SRO 3.9),
wiki/exams/2022/q78-ts-3922-source-range-gamma-metrics.md,APE 57 G2.2.25 (4.2),G2.2.25,RESOLVED,G2.2.25 (SRO 4.2),
wiki/exams/2022/q79-loss-of-air-tdafw-pump-overpower.md,APE 65 G2.4.31 (4.1),G2.4.31,RESOLVED,G2.4.31 (RO 4.2 / SRO 4.1),
wiki/exams/2022/q8-ccw-rcp-motor-bearing-temp.md,APE 26 AA2.04 (2.5),026 AA2.04,RESOLVED,026 AA2.04 (RO 2.8 / SRO 3.3),
wiki/exams/2022/q80-eop-loca5-containment-spray-frce1.md,W E11 EA2.1 (4.2),WE11 EA2.01,NUMBER_NOT_IN_CATALOG,,
wiki/exams/2022/q81-eop-frhs1-heat-sink-established.md,W E05 EA2.2 (3.7),WE05 EA2.02,NUMBER_NOT_IN_CATALOG,,
wiki/exams/2022/q82-ir-nis-ts-3311-startup.md,APE 33 AA2.08 (3.4),033 AA2.08,RESOLVED,033 AA2.08 (RO 3.3 / SRO 3.6),
wiki/exams/2022/q83-lbloca-emergency-classification.md,W E16 G2.4.41 (4.6),G2.4.41,RESOLVED,G2.4.41 (SRO 4.6),
wiki/exams/2022/q84-eop-trip6-nat-circ-cooldown-no-rvlis.md,W E10 EA2.2 (3.9),WE10 EA2.02,NUMBER_NOT_IN_CATALOG,,
wiki/exams/2022/q85-cfst-priority-frts1-thermal-shock.md,W E08 G2.4.21 (4.6),G2.4.21,RESOLVED,G2.4.21 (RO 4 / SRO 4.6),
wiki/exams/2022/q86-rcp-seal-failure-ab-rcp-actions.md,003 A2.02 (3.9) SRO,003 A2.02,RESOLVED,003 A2.02 (RO 3.5 / SRO 3.8),
wiki/exams/2022/q87-nrc-reporting-manual-trip-si.md,012 G2.4.30 (4.1) SRO,G2.4.30,RESOLVED,G2.4.30 (RO 2.7 / SRO 4.1),
wiki/exams/2022/q88-loss-of-control-air-pzr-level.md,078 G2.2.44 (4.4) SRO,G2.2.44,RESOLVED,G2.2.44 (RO 4.2 / SRO 4.4),
wiki/exams/2022/q89-edg-common-mode-failure-ts-3811.md,064 G2.2.36 (4.2) SRO,G2.2.36,RESOLVED,G2.2.36 (RO 3.1 / SRO 4.2),
wiki/exams/2022/q9-pzr-spray-valve-failure.md,APE 27 AK3.03 (3.7),027 AK3.03,RESOLVED,027 AK3.03 (RO 3.9 / SRO 3.9),
wiki/exams/2022/q90-loss-of-all-sw-bus-lockout.md,076 A2.01 (3.7) SRO,076 A2.01,RESOLVED,076 A2.01 (RO 0 / SRO 0),
wiki/exams/2022/q91-ts-pops-mode4-entry.md,002 G2.2.40 (4.7),G2.2.40,RESOLVED,G2.2.40 (RO 3.4 / SRO 4.7),
wiki/exams/2022/q92-misaligned-rod-power-reduction.md,014 A2.04 (3.9),014 A2.04,RESOLVED,014 A2.04 (RO 3.9 / SRO 3.9),
wiki/exams/2022/q93-fire-brigade-minimum-staffing.md,086 G2.2.38 (4.5),G2.2.38,RESOLVED,G2.2.38 (RO 3.6 / SRO 4.5),
wiki/exams/2022/q94-defueling-core-alteration-sro.md,G2.1.35 (3.9),G2.1.35,RESOLVED,G2.1.35 (SRO 3.9),
wiki/exams/2022/q95-reactivity-management-sro.md,G2.1.37 (4.6),G2.1.37,RESOLVED,G2.1.37 (RO 4.3 / SRO 4.6),
wiki/exams/2022/q96-temporary-configuration-changes.md,G 2.2.11 (3.3),G2.2.11,RESOLVED,G2.2.11 (RO 0 / SRO 0),
wiki/exams/2022/q97-avr-esoc-notification.md,G 2.2.17 (3.8),G2.2.17,RESOLVED,G2.2.17 (RO 2.6 / SRO 3.8),
wiki/exams/2022/q98-containment-purge-reinstatement.md,G 2.3.6 (3.8),G2.3.6,RESOLVED,G2.3.6 (RO 2 / SRO 3.8),
wiki/exams/2022/q99-offsite-firefighting-authorization.md,G 2.4.26 (3.6),G2.4.26,RESOLVED,G2.4.26 (RO 3.1 / SRO 3.6),
wiki/exams/2023/jpm-ip-i-sbo-air-compressor.md,056 AA1.37 (3.4),056 AA1.37,RESOLVED,056 AA1.37 (RO 3.4 / SRO 3.4),In-Plant | RO/SRO | 
wiki/exams/2023/jpm-ip-j-rod-drive-mg-set.md,012 A4.07 (3.8),012 A4.07,RESOLVED,012 A4.07 (RO 3.8 / SRO 3.8),In-Plant | RO/SRO | 
wiki/exams/2023/jpm-ip-k-radioactive-waste-gas-release.md,071 A1.03 (2.6),071 A1.03,RESOLVED,071 A1.03 (RO 2.6 / SRO 2.6),In-Plant | RO/SRO | 
wiki/exams/2023/jpm-ro-a1a-control-room-logs.md,G2.1.25 (3.9/4.2),G2.1.25,RESOLVED,G2.1.25 (RO 3.9 / SRO 4.2),Admin | RO/SRO | 
wiki/exams/2023/jpm-ro-a1b-rwst-makeup-time.md,G2.1.23 (4.3/4.4),G2.1.23,RESOLVED,G2.1.23 (RO 4.3 / SRO 4.4),Admin | RO/SRO | 
wiki/exams/2023/jpm-ro-a2-afd-surveillance.md,G2.2.12 (3.7/4.1),G2.2.12,RESOLVED,G2.2.12 (RO 3.7 / SRO 4.1),Admin | RO/SRO | 
wiki/exams/2023/jpm-ro-a4-erds-activation.md,G2.4.43 (3.2/3.8),G2.4.43,RESOLVED,G2.4.43 (RO 3.2 / SRO 3.8),Admin | RO/SRO | 
wiki/exams/2023/jpm-sim-a-rod-surveillance.md,A4.16 (3.8),,UNPARSEABLE,,Sim | RO/SRO | 
wiki/exams/2023/jpm-sim-b-hot-leg-recirc.md,A4.05 (4.1),,UNPARSEABLE,,Sim | RO/SRO | 
wiki/exams/2023/jpm-sim-c-rcs-depress-aux-spray.md,A4.05 (3.2),,UNPARSEABLE,,Sim | RO/SRO | 
wiki/exams/2023/jpm-sim-d-bleed-feed-head-vents.md,A2.04 (4.5/4.5),,UNPARSEABLE,,Sim | RO/SRO | 
wiki/exams/2023/jpm-sim-e-fw-condensate-pump.md,A4.02 (3.6/3.6),,UNPARSEABLE,,Sim | RO/SRO | 
wiki/exams/2023/jpm-sim-f-cfcu-surveillance.md,A1.04 (3.3),,UNPARSEABLE,,Sim | RO/SRO | 
wiki/exams/2023/jpm-sim-g-failed-high-tavg.md,A4.05 (3.8),,UNPARSEABLE,,Sim | RO/SRO | 
wiki/exams/2023/jpm-sim-h-containment-pressure-relief.md,A2.02 (3.0/3.0),,UNPARSEABLE,,Sim | RO/SRO | 
wiki/exams/2023/jpm-sro-a1a-eccs-injection-flow.md,G2.1.7 (4.4/4.7),G2.1.7,RESOLVED,G2.1.7 (RO 4.4 / SRO 4.7),Admin | SRO | 
wiki/exams/2023/jpm-sro-a1b-overtime-restrictions.md,G2.1.5 (2.9/3.9),G2.1.5,RESOLVED,G2.1.5 (RO 2.9 / SRO 3.9),Admin | SRO | 
wiki/exams/2023/jpm-sro-a2-surveillance-test-review.md,G2.2.12 (3.7/4.1),G2.2.12,RESOLVED,G2.2.12 (RO 3.7 / SRO 4.1),Admin | SRO | 
wiki/exams/2023/jpm-sro-a3-emergency-radiation-volunteer.md,G2.3.14 (N/A/3.8),G2.3.14,RESOLVED,G2.3.14 (SRO 3.8),Admin | SRO | 
wiki/exams/2023/jpm-sro-a4-icmf-review.md,G2.4.40 (N/A/4.5),G2.4.40,RESOLVED,G2.4.40 (SRO 4.5),Admin | SRO | 
wiki/exams/2023/q01-rcs-low-flow-p7-p8-logic.md,EPE 7 EA2.08 (3.0),007 EA2.08,RESOLVED,007 EA2.08 (RO 3 / SRO 3.7),
wiki/exams/2023/q02-small-break-loca-rcs-heat-removal.md,EPE 9 EK1.03 (4.0),009 EK1.03,RESOLVED,009 EK1.03 (RO 4 / SRO 4),
wiki/exams/2023/q03-cvcs-cv71-seal-backpressure.md,APE 22 AA1.05 (3.3),022 AA1.05,RESOLVED,022 AA1.05 (RO 3.3 / SRO 3.3),
wiki/exams/2023/q04-ccw-thermal-barrier-rupture.md,APE 26 G2.1.19 (3.9),G2.1.19,RESOLVED,G2.1.19 (RO 3.9 / SRO 3.8),
wiki/exams/2023/q05-pzr-pressure-channel-fails-high.md,APE 27 AA2.11 (4.0),027 AA2.11,RESOLVED,027 AA2.11 (RO 4 / SRO 3.8),
wiki/exams/2023/q06-conduct-of-ops-ro-leaving-atc.md,EPE 38 G2.1.3 (3.7),G2.1.3,RESOLVED,G2.1.3 (RO 3.7 / SRO 3.9),
wiki/exams/2023/q07-pzr-backup-heater-power-supplies.md,W E12 EK2.03 (3.2),WE12 EK2.03,NUMBER_NOT_IN_CATALOG,,
wiki/exams/2023/q08-fw-heater-high-level-reactor-power.md,APE 54 G2.2.44 (4.2),G2.2.44,RESOLVED,G2.2.44 (RO 4.2 / SRO 4.4),
wiki/exams/2023/q09-station-battery-capacity-sbo.md,EPE 55 K3.01 (4.1),055 K3.01,RESOLVED,055 K3.01 (RO 3.8 / SRO 3.8),
wiki/exams/2023/q10-rcp-seal-injection-inlet-temp.md,APE 56 AK3.02 (4.1),056 AK3.02,RESOLVED,056 AK3.02 (RO 4.1 / SRO 4.1),
wiki/exams/2023/q100-fire-pumps-inoperable-hope-creek-cross-tie.md,T3 G2.4.25 (3.7),G2.4.25,RESOLVED,G2.4.25 (RO 3.3 / SRO 3.7),
wiki/exams/2023/q11-loss-vital-instrument-bus-ni.md,APE 57 AK2.08 (4.1),057 AK2.08,RESOLVED,057 AK2.08 (RO 4.1 / SRO 4.1),
wiki/exams/2023/q12-loss-125vdc-edg-starting.md,APE 58 AK3.01 (4.0),058 AK3.01,RESOLVED,058 AK3.01 (RO 4 / SRO 4),
wiki/exams/2023/q13-r13-radiation-monitors-cfcu-sw.md,APE 62 AK2.08 (3.0),062 AK2.08,RESOLVED,062 AK2.08 (RO 3 / SRO 3),
wiki/exams/2023/q14-control-air-porv-accumulators-spray.md,APE 65 AA1.03 (3.1),065 AA1.03,RESOLVED,065 AA1.03 (RO 3.1 / SRO 3.1),
wiki/exams/2023/q15-grid-disturbance-unit-trip-mvars.md,APE 77 AA2.05 (3.7),077 AA2.05,RESOLVED,077 AA2.05 (RO 3.7 / SRO 3.6),
wiki/exams/2023/q16-loca-outside-containment-si-pump-leak.md,W E04 EA1.04 (3.8),WE04 EA1.04,RESOLVED,WE04 EA1.04 (RO 3.8 / SRO 3.8),
wiki/exams/2023/q17-loss-emergency-recirc-upper-head-voiding.md,W E11 EK1.07 (3.7),WE11 EK1.07,RESOLVED,WE11 EK1.07 (RO 3.7 / SRO 3.7),
wiki/exams/2023/q18-loss-secondary-heat-sink-msli.md,W E05 EK1.09 (3.6),WE05 EK1.09,NUMBER_NOT_IN_CATALOG,,
wiki/exams/2023/q19-eop-trip-2-inadequate-rapid-boration.md,APE 24 AA2.12 (3.5),024 AA2.12,RESOLVED,024 AA2.12 (RO 3.5 / SRO 4),
wiki/exams/2023/q20-condenser-backpressure-turbine.md,APE 51 AK1.02 (3.7),051 AK1.02,RESOLVED,051 AK1.02 (RO 3.7 / SRO 3.7),
wiki/exams/2023/q21-containment-spray-logic-channel-removed.md,W E14 EA1.08 (4.0),WE14 EA1.08,NUMBER_NOT_IN_CATALOG,,
wiki/exams/2023/q22-high-rcs-activity-maximize-letdown.md,APE 76 AK3.04 (3.3),076 AK3.04,RESOLVED,076 AK3.04 (RO 3.3 / SRO 3.3),
wiki/exams/2023/q23-eop-flowchart-symbols-concurrent.md,W E01 & E02 G2.4.19 (3.4),G2.4.19,RESOLVED,G2.4.19 (RO 3.4 / SRO 4.1),
wiki/exams/2023/q24-containment-flooding-sw-not-isolated.md,W E15 EK2.03 (3.3),WE15 EK2.03,RESOLVED,WE15 EK2.03 (RO 3.3 / SRO 3.3),
wiki/exams/2023/q25-high-containment-radiation-cfcu-hepa.md,W E16 EA1.05 (3.2),WE16 EA1.05,RESOLVED,WE16 EA1.05 (RO 3.2 / SRO 3.2),
wiki/exams/2023/q26-eop-trip-4-natural-circ-rcp-restart.md,W E09 EK3.06 (3.4),WE09 EK3.06,NUMBER_NOT_IN_CATALOG,,
wiki/exams/2023/q27-ab-rcp-0001-ccw-loss-bearing-temp.md,003 G2.1.7 (4.4),G2.1.7,RESOLVED,G2.1.7 (RO 4.4 / SRO 4.7),
wiki/exams/2023/q28-cvcs-letdown-hx-temp-detector-fails-low.md,004 A3.06 (3.6),004 A3.06,RESOLVED,004 A3.06 (RO 3.6 / SRO 3.6),
wiki/exams/2023/q29-cvcs-vct-level-transmitter-fails-high.md,004 K3.13 (3.8),004 K3.13,RESOLVED,004 K3.13 (RO 3.8 / SRO 3.8),
wiki/exams/2023/q30-rhr-cooldown-rate-rh18-rh20.md,005 A4.02 (3.9),005 A4.02,RESOLVED,005 A4.02 (RO 3.9 / SRO 3.9),
wiki/exams/2023/q31-sbloca-break-location-peak-clad-temp.md,006 K5.07 (3.1),006 K5.07,RESOLVED,006 K5.07 (RO 3.1 / SRO 3.1),
wiki/exams/2023/q32-prt-level-high-drain-path.md,007 K1.06 (2.6),007 K1.06,RESOLVED,007 K1.06 (RO 2.6 / SRO 2.6),
wiki/exams/2023/q33-ccw-loca-loop-sec-mode-3.md,008 K5.10 (3.1),008 K5.10,RESOLVED,008 K5.10 (RO 3.1 / SRO 3.1),
wiki/exams/2023/q34-mpc-fails-low-pzr-pressure-response.md,010 K4.03 (3.9),010 K4.03,RESOLVED,010 K4.03 (RO 3.9 / SRO 3.9),
wiki/exams/2023/q35-reactor-trip-logic-7-percent-power.md,012 A3.06 (4.1),012 A3.06,RESOLVED,012 A3.06 (RO 4.1 / SRO 4.1),
wiki/exams/2023/q36-rcp-underfrequency-logic.md,012 K1.09 (3.8),012 K1.09,RESOLVED,012 K1.09 (RO 3.8 / SRO 3.8),
wiki/exams/2023/q37-loca-loop-after-si-sec-reset.md,013 A1.14 (3.8),013 A1.14,RESOLVED,013 A1.14 (RO 3.8 / SRO 3.8),
wiki/exams/2023/q38-cfcu-response-inadvertent-si.md,022 A2.07 (4.0),022 A2.07,RESOLVED,022 A2.07 (RO 4 / SRO 4),
wiki/exams/2023/q39-cfcu-power-supplies-4kv-bus-loss.md,022 K2.01 (3.6),022 K2.01,RESOLVED,022 K2.01 (RO 3.6 / SRO 3.6),
wiki/exams/2023/q40-containment-spray-pump-sequencing.md,026 K2.01 (3.9),026 K2.01,RESOLVED,026 K2.01 (RO 3.9 / SRO 3.9),
wiki/exams/2023/q41-afw-td-pump-sg-pressure-effect.md,T2G1 039 K3.03 (3.3),039 K3.03,RESOLVED,039 K3.03 (RO 3.3 / SRO 3.3),
wiki/exams/2023/q42-sg-high-level-trip-fw-isolation.md,T2G1 059 G2.4.2 (4.5),G2.4.2,RESOLVED,G2.4.2 (RO 4.5 / SRO 4.6),
wiki/exams/2023/q43-afw-2ms132-air-supply-rupture.md,T2G1 061 A2.07 (4.0),061 A2.07,RESOLVED,061 A2.07 (RO 4 / SRO 3.5),
wiki/exams/2023/q44-afw-2dr6-air-leak-tank-overflow.md,T2G1 191001 K1.04 (3.2),191001 K1.04,NUMBER_NOT_IN_CATALOG,,
wiki/exams/2023/q45-loss-2a-460v-bus-charging-pump.md,T2G1 062 A2.25 (3.3),062 A2.25,RESOLVED,062 A2.25 (RO 3.3 / SRO 3.4),
wiki/exams/2023/q46-125vdc-ground-detection.md,T2G1 063 K1.01 (2.6),063 K1.01,RESOLVED,063 K1.01 (RO 2.6 / SRO 2.6),
wiki/exams/2023/q47-125vdc-mechanical-interlock-transfer.md,T2G1 063 K4.01 (3.4),063 K4.01,RESOLVED,063 K4.01 (RO 3.4 / SRO 3.4),
wiki/exams/2023/q48-edg-starting-air-compressor-power.md,T2G1 064 K2.01 (3.0),064 K2.01,RESOLVED,064 K2.01 (RO 3 / SRO 3),
wiki/exams/2023/q49-sgbd-radiation-monitor-check-source.md,T2G1 073 A4.02 (3.6),073 A4.02,RESOLVED,073 A4.02 (RO 3.6 / SRO 3.6),
wiki/exams/2023/q50-cfcu-sw-flow-high-low-speed.md,T2G1 076 A1.03 (3.3),076 A1.03,RESOLVED,076 A1.03 (RO 3.3 / SRO 3.3),
wiki/exams/2023/q51-sw122-loss-of-air-rhr-cooldown.md,T2G1 076 K3.05 (3.6),076 K3.05,RESOLVED,076 K3.05 (RO 3.6 / SRO 3.6),
wiki/exams/2023/q52-phase-a-ca330-instrument-air-containment.md,T2G1 078 A3.05 (3.3),078 A3.05,RESOLVED,078 A3.05 (RO 3.3 / SRO 3.3),
wiki/exams/2023/q53-containment-vacuum-relief-isolation-signals.md,T2G1 103 K4.01 (3.2),103 K4.01,RESOLVED,103 K4.01 (RO 3.2 / SRO 3.2),
wiki/exams/2023/q54-containment-internal-pressure-ts-3614.md,T2G1 103 K6.15 (3.1),103 K6.15,RESOLVED,103 K6.15 (RO 3.1 / SRO 3.1),
wiki/exams/2023/q55-urgent-failure-rod-control-gripper-coils.md,T2G2 001 K1.03 (3.7),001 K1.03,RESOLVED,001 K1.03 (RO 3.7 / SRO 3.7),
wiki/exams/2023/q56-rod-position-indication.md,T2G2 014A2.11 (3.0),014 A2.11,RESOLVED,014 A2.11 (RO 3 / SRO 3.3),
wiki/exams/2023/q57-in-core-temperature-monitoring.md,T2G2 017 K6.01 (3.2),017 K6.01,RESOLVED,017 K6.01 (RO 3.2 / SRO 3.2),
wiki/exams/2023/q58-hydrogen-recombiner.md,T2G2 028 K3.02 (2.9),028 K3.02,RESOLVED,028 K3.02 (RO 2.9 / SRO 2.9),
wiki/exams/2023/q59-sfp-heat-exchanger-tube-rupture.md,T2G2 033 K6.11 (3.4),033 K6.11,RESOLVED,033 K6.11 (RO 3.4 / SRO 3.4),
wiki/exams/2023/q60-cw-waterbox-tube-leak.md,T2G2 056 G2.4.46 (4.2),G2.4.46,RESOLVED,G2.4.46 (RO 4.2 / SRO 4.2),
wiki/exams/2023/q61-liquid-radwaste-release.md,T2G2 068 K5.07 (2.6),068 K5.07,RESOLVED,068 K5.07 (RO 2.6 / SRO 2.6),
wiki/exams/2023/q62-area-radiation-monitoring-cav.md,T2G2 072 A4.02 (3.4),072 A4.02,RESOLVED,072 A4.02 (RO 3.4 / SRO 3.4),
wiki/exams/2023/q63-fire-protection-containment.md,T2G2 086 A1.06 (3.0),086 A1.06,RESOLVED,086 A1.06 (RO 3 / SRO 3),
wiki/exams/2023/q64-sgfp-trip-turbine-runback.md,T3 G2.1.19 (3.9),G2.1.19,RESOLVED,G2.1.19 (RO 3.9 / SRO 3.8),
wiki/exams/2023/q65-si-ssps-train-disagreement.md,T3 G2.1.31 (4.6),G2.1.31,RESOLVED,G2.1.31 (RO 4.6 / SRO 4.3),
wiki/exams/2023/q66-stator-water-cooling.md,T3 G2.2.3 (3.8),G2.2.3,RESOLVED,G2.2.3 (RO 3.8 / SRO 3.9),
wiki/exams/2023/q67-independent-verification-throttle-valve.md,T3 G2.2.14 (3.9),G2.2.14,RESOLVED,G2.2.14 (RO 3.9 / SRO 4.3),
wiki/exams/2023/q68-radwaste-flow-recorder-odcm.md,T3 G2.3.11 (3.8),G2.3.11,RESOLVED,G2.3.11 (RO 3.8 / SRO 4.3),
wiki/exams/2023/q69-emergency-notification-timing.md,T3 G2.4.29 (3.1),G2.4.29,RESOLVED,G2.4.29 (RO 3.1 / SRO 4.4),
wiki/exams/2023/q70-xenon-following-trip.md,T4 192006 K1.07 (3.4),192006 K1.07,NUMBER_NOT_IN_CATALOG,,
wiki/exams/2023/q71-natural-circ-boron-mixing-reactivity.md,T4 192007 K1.05 (3.2),192007 K1.05,NUMBER_NOT_IN_CATALOG,,
wiki/exams/2023/q72-subcritical-sr-counts-sur-rod-withdrawal.md,T4 192008 K1.03 (4.0),192008 K1.03,NUMBER_NOT_IN_CATALOG,,
wiki/exams/2023/q73-steam-tables-subcooling-sg-pressure.md,T4 193003 K1.24 (3.1),193003 K1.24,NUMBER_NOT_IN_CATALOG,,
wiki/exams/2023/q74-condensate-depression-efficiency-cavitation.md,T4 193004 K1.11 (2.5),193004 K1.11,NUMBER_NOT_IN_CATALOG,,
wiki/exams/2023/q75-axial-peaking-factor-boron-dilution.md,T4 193009 K1.07 (3.3),193009 K1.07,NUMBER_NOT_IN_CATALOG,,
wiki/exams/2023/q76-pzr-vapor-space-leak-eccs-procedure.md,T1G1 APE 8 AA2.15 (3.9),008 AA2.15,RESOLVED,008 AA2.15 (RO 3.5 / SRO 3.9),
wiki/exams/2023/q77-loca-containment-spray-frp-purple-path.md,T1G1 EPE 11 G2.4.14 (4.5),G2.4.14,RESOLVED,G2.4.14 (RO 3.8 / SRO 4.5),
wiki/exams/2023/q78-rcp-vibration-abnormal-procedure-actions.md,T1G1 APE 15 AA2.16 (3.5),015 AA2.16,RESOLVED,015 AA2.16 (RO 3.2 / SRO 3.5),
wiki/exams/2023/q79-loss-rhr-breaker-reclosure-policy.md,T1G1 APE 25 G2.1.1 (4.2),G2.1.1,RESOLVED,G2.1.1 (RO 3.8 / SRO 4.2),
wiki/exams/2023/q80-atws-frsm1-turbine-trip-verification.md,T1G1 EPE 29 EA2.09 (4.1),029 EA2.09,RESOLVED,029 EA2.09 (RO 4.1 / SRO 4.1),
wiki/exams/2023/q81-sg-tube-leak-action-levels.md,T1G1 APE 037 G2.1.25 (4.2),G2.1.25,RESOLVED,G2.1.25 (RO 3.9 / SRO 4.2),
wiki/exams/2023/q82-ir-nis-p6-permissive-ts-bases.md,T1G2 APE 33 AA2.01 (3.4),033 AA2.01,RESOLVED,033 AA2.01 (RO 3 / SRO 3.4),
wiki/exams/2023/q83-control-room-evacuation-eops-sg-pressure.md,T1G2 APE 68 G2.4.20 (4.3),G2.4.20,RESOLVED,G2.4.20 (RO 3.8 / SRO 4.3),
wiki/exams/2023/q84-frcc1-sg-depress-rcp-start.md,T1G2 EPE 74 EA2.12 (3.8),074 EA2.12,RESOLVED,074 EA2.12 (RO 3.9 / SRO 3.8),
wiki/exams/2023/q85-sg-overpressure-security-redacted.md,T1G2 W E13 G2.4.28 (4.1),G2.4.28,RESOLVED,G2.4.28 (RO 3.2 / SRO 4.1),
wiki/exams/2023/q86-rcp-seal-failure-standpipe-level.md,T2G1 003 A2.01 (4.0),003 A2.01,RESOLVED,003 A2.01 (RO 4 / SRO 4),
wiki/exams/2023/q87-trip4-loss-pzr-level-si-actuation.md,T2G1 006 A2.12 (4.5),006 A2.12,RESOLVED,006 A2.12 (RO 4.1 / SRO 4.5),
wiki/exams/2023/q88-grid-disturbance-solar-magnetic.md,T2G1 062 G2.1.6 (4.8),G2.1.6,RESOLVED,G2.1.6 (SRO 4.8),
wiki/exams/2023/q89-edg-common-mode-failure-surveillance.md,T2G1 064 G2.1.9 (4.5),G2.1.9,RESOLVED,G2.1.9 (SRO 4.5),
wiki/exams/2023/q90-containment-pressure-relief-r12a-odcm.md,T2G1 073 A2.01 (3.1),073 A2.01,RESOLVED,073 A2.01 (RO 3.9 / SRO 3.1),
wiki/exams/2023/q91-rcp-seal-injection-flow-ts-354.md,T2G2 002 G2.2.37 (4.6),G2.2.37,RESOLVED,G2.2.37 (SRO 4.6),
wiki/exams/2023/q92-pzr-pressure-channel-failure-nrc-reportability.md,T2G2 016 A2.01 (3.4),016 A2.01,RESOLVED,016 A2.01 (RO 3.3 / SRO 3.4),
wiki/exams/2023/q93-cw-bus-loss-circulator-trip.md,T2G2 075 A2.02 (3.4),075 A2.02,RESOLVED,075 A2.02 (RO 3.9 / SRO 3.4),
wiki/exams/2023/q94-shift-complement-unexpected-absence.md,T3 G2.1.5 (3.9),G2.1.5,RESOLVED,G2.1.5 (RO 2.9 / SRO 3.9),
wiki/exams/2023/q95-fhb-bldg-air-dp-lo-fuel-handling.md,T3 G2.1.35 (3.9),G2.1.35,RESOLVED,G2.1.35 (SRO 3.9),
wiki/exams/2023/q96-online-work-management-sm-responsibilities.md,T3 G2.2.19 (3.4),G2.2.19,RESOLVED,G2.2.19 (RO 2.3 / SRO 3.4),
wiki/exams/2023/q97-rcs-leak-cvcs-2cv6-ts-3472.md,T3 G2.2.44 (4.4),G2.2.44,RESOLVED,G2.2.44 (RO 4.2 / SRO 4.4),
wiki/exams/2023/q98-cvcs-monitor-tank-release-2r18-inoperable.md,T3 G2.3.6 (3.8),G2.3.6,RESOLVED,G2.3.6 (RO 2 / SRO 3.8),
wiki/exams/2023/q99-containment-radiation-cfst-frce3.md,T3 G2.4.2 (4.6),G2.4.2,RESOLVED,G2.4.2 (RO 4.5 / SRO 4.6),
